session_id,ts,maf_gps,maf_30s
3,2018-03-26T18:06:33.719Z,7.13,7.13
3,2018-03-26T18:06:34.079Z,7.13,7.13
3,2018-03-26T18:06:35.009Z,8.58,7.61
3,2018-03-26T18:06:36.059Z,9.02,7.96
3,2018-03-26T18:06:37.079Z,9.97,8.37
3,2018-03-26T18:06:38.039Z,10.66,8.75
3,2018-03-26T18:06:39.059Z,8.97,8.78
3,2018-03-26T18:06:40.079Z,10.52,9.0
3,2018-03-26T18:06:41.009Z,11.22,9.24
3,2018-03-26T18:06:42.029Z,13.13,9.63
3,2018-03-26T18:06:43.050Z,13.66,10.0
3,2018-03-26T18:06:44.040Z,25.8,11.32
3,2018-03-26T18:06:45.090Z,13.19,11.46
3,2018-03-26T18:06:46.050Z,12.27,11.52
3,2018-03-26T18:06:47.069Z,12.66,11.59
3,2018-03-26T18:06:48.059Z,13.27,11.7
3,2018-03-26T18:06:49.019Z,13.05,11.78
3,2018-03-26T18:06:50.069Z,24.08,12.46
3,2018-03-26T18:06:51.090Z,7.86,12.22
3,2018-03-26T18:06:52.050Z,8.33,12.03
3,2018-03-26T18:06:53.069Z,7.8,11.82
3,2018-03-26T18:06:54.030Z,7.97,11.65
3,2018-03-26T18:06:55.079Z,8.36,11.51
3,2018-03-26T18:06:56.040Z,9.69,11.43
3,2018-03-26T18:06:57.029Z,7.69,11.28
3,2018-03-26T18:06:58.079Z,8.24,11.16
3,2018-03-26T18:06:59.040Z,8.08,11.05
3,2018-03-26T18:07:00.059Z,8.02,10.94
3,2018-03-26T18:07:01.079Z,7.97,10.84
3,2018-03-26T18:07:02.040Z,7.91,10.74
3,2018-03-26T18:07:03.029Z,7.47,10.64
3,2018-03-26T18:07:04.079Z,6.83,10.63
3,2018-03-26T18:07:05.069Z,7.41,10.63
3,2018-03-26T18:07:06.060Z,8.27,10.62
3,2018-03-26T18:07:07.049Z,15.52,10.83
3,2018-03-26T18:07:08.100Z,15.97,11.03
3,2018-03-26T18:07:09.000Z,15.97,11.2
3,2018-03-26T18:07:10.050Z,8.22,11.18
3,2018-03-26T18:07:11.100Z,8.02,11.09
3,2018-03-26T18:07:12.000Z,7.97,10.99
3,2018-03-26T18:07:13.049Z,7.97,10.82
3,2018-03-26T18:07:14.099Z,7.97,10.64
3,2018-03-26T18:07:15.149Z,7.11,10.04
3,2018-03-26T18:07:16.049Z,7.11,9.84
3,2018-03-26T18:07:17.039Z,8.49,9.72
3,2018-03-26T18:07:18.029Z,11.44,9.68
3,2018-03-26T18:07:19.139Z,11.44,9.62
3,2018-03-26T18:07:20.039Z,14.11,9.65
3,2018-03-26T18:07:21.030Z,9.91,9.2
3,2018-03-26T18:07:22.019Z,11.41,9.31
3,2018-03-26T18:07:23.069Z,10.38,9.38
3,2018-03-26T18:07:24.030Z,10.13,9.45
3,2018-03-26T18:07:25.018Z,10.19,9.52
3,2018-03-26T18:07:26.069Z,9.44,9.56
3,2018-03-26T18:07:27.089Z,15.47,9.75
3,2018-03-26T18:07:28.018Z,14.61,9.97
3,2018-03-26T18:07:29.039Z,7.86,9.96
3,2018-03-26T18:07:30.059Z,8.13,9.96
3,2018-03-26T18:07:31.019Z,7.69,9.95
3,2018-03-26T18:07:32.038Z,7.91,9.95
3,2018-03-26T18:07:33.059Z,7.97,9.95
3,2018-03-26T18:07:34.020Z,7.61,9.95
3,2018-03-26T18:07:35.008Z,9.05,10.02
3,2018-03-26T18:07:36.059Z,10.61,10.13
3,2018-03-26T18:07:37.019Z,9.19,10.16
3,2018-03-26T18:07:38.039Z,8.58,9.93
3,2018-03-26T18:07:39.059Z,9.27,9.72
3,2018-03-26T18:07:40.079Z,10.22,9.53
3,2018-03-26T18:07:41.009Z,12.13,9.66
3,2018-03-26T18:07:42.059Z,14.55,9.87
3,2018-03-26T18:07:43.019Z,17.91,10.19
3,2018-03-26T18:07:44.010Z,22.55,10.66
3,2018-03-26T18:07:45.059Z,19.88,11.04
3,2018-03-26T18:07:46.020Z,14.33,11.28
3,2018-03-26T18:07:47.009Z,13.69,11.49
3,2018-03-26T18:07:48.059Z,14.94,11.7
3,2018-03-26T18:07:49.020Z,28.97,12.26
3,2018-03-26T18:07:50.010Z,44.91,13.34
3,2018-03-26T18:07:51.059Z,11.99,13.27
3,2018-03-26T18:07:52.020Z,12.74,13.36
3,2018-03-26T18:07:53.008Z,11.38,13.36
3,2018-03-26T18:07:54.059Z,27.88,13.93
3,2018-03-26T18:07:55.020Z,26.58,14.46
3,2018-03-26T18:07:56.010Z,25.08,14.94
3,2018-03-26T18:07:57.060Z,24.55,15.43
3,2018-03-26T18:07:58.048Z,10.02,15.25
3,2018-03-26T18:07:59.009Z,13.3,15.21
3,2018-03-26T18:08:00.060Z,22.49,15.68
3,2018-03-26T18:08:01.050Z,21.08,16.1
3,2018-03-26T18:08:02.009Z,20.91,16.52
3,2018-03-26T18:08:03.060Z,20.36,16.93
3,2018-03-26T18:08:04.018Z,19.58,17.3
3,2018-03-26T18:08:05.069Z,8.27,17.32
3,2018-03-26T18:08:06.058Z,11.02,17.39
3,2018-03-26T18:08:07.049Z,20.55,17.71
3,2018-03-26T18:08:08.039Z,12.47,17.81
3,2018-03-26T18:08:09.028Z,11.72,17.91
3,2018-03-26T18:08:10.018Z,12.22,18.01
3,2018-03-26T18:08:11.009Z,12.77,18.09
3,2018-03-26T18:08:12.088Z,13.36,18.13
3,2018-03-26T18:08:13.079Z,23.77,18.43
3,2018-03-26T18:08:14.008Z,16.13,18.37
3,2018-03-26T18:08:15.028Z,11.69,18.02
3,2018-03-26T18:08:16.049Z,19.91,18.02
3,2018-03-26T18:08:17.039Z,18.41,18.15
3,2018-03-26T18:08:18.030Z,17.19,18.27
3,2018-03-26T18:08:19.018Z,16.11,18.3
3,2018-03-26T18:08:20.009Z,14.72,17.84
3,2018-03-26T18:08:21.088Z,6.8,16.61
3,2018-03-26T18:08:22.109Z,8.72,16.51
3,2018-03-26T18:08:23.008Z,8.88,16.38
3,2018-03-26T18:08:24.088Z,10.19,16.35
3,2018-03-26T18:08:25.078Z,11.47,15.82
3,2018-03-26T18:08:26.068Z,12.02,15.35
3,2018-03-26T18:08:27.088Z,12.58,14.94
3,2018-03-26T18:08:28.079Z,13.02,14.57
3,2018-03-26T18:08:29.070Z,13.05,14.67
3,2018-03-26T18:08:30.059Z,14.47,14.71
3,2018-03-26T18:08:31.048Z,13.52,14.42
3,2018-03-26T18:08:32.038Z,25.24,14.55
3,2018-03-26T18:08:33.028Z,13.66,14.32
3,2018-03-26T18:08:34.018Z,13.94,14.11
3,2018-03-26T18:08:35.008Z,23.63,14.24
3,2018-03-26T18:08:36.058Z,21.77,14.68
3,2018-03-26T18:08:37.048Z,9.52,14.63
3,2018-03-26T18:08:38.038Z,10.44,14.3
3,2018-03-26T18:08:39.028Z,10.41,14.24
3,2018-03-26T18:08:40.019Z,10.77,14.21
3,2018-03-26T18:08:41.008Z,10.83,14.16
3,2018-03-26T18:08:42.088Z,10.8,14.1
3,2018-03-26T18:08:43.078Z,11.02,14.02
3,2018-03-26T18:08:44.008Z,20.19,13.91
3,2018-03-26T18:08:45.059Z,19.83,14.03
3,2018-03-26T18:08:46.048Z,16.66,14.19
3,2018-03-26T18:08:47.008Z,9.36,13.85
3,2018-03-26T18:08:48.088Z,16.38,13.78
3,2018-03-26T18:08:49.048Z,14.38,13.69
3,2018-03-26T18:08:50.038Z,8.72,13.45
3,2018-03-26T18:08:51.088Z,8.33,13.25
3,2018-03-26T18:08:52.079Z,8.38,13.3
3,2018-03-26T18:08:53.038Z,8.97,13.3
3,2018-03-26T18:08:54.029Z,9.58,13.33
3,2018-03-26T18:08:55.049Z,9.24,13.3
3,2018-03-26T18:08:56.038Z,9.97,13.25
3,2018-03-26T18:08:57.000Z,12.63,13.27
3,2018-03-26T18:08:58.018Z,37.69,14.08
3,2018-03-26T18:08:59.069Z,20.33,14.31
3,2018-03-26T18:09:00.059Z,13.91,14.34
3,2018-03-26T18:09:01.048Z,15.11,14.36
3,2018-03-26T18:09:02.009Z,10.8,14.27
3,2018-03-26T18:09:03.058Z,14.05,13.91
3,2018-03-26T18:09:04.048Z,14.69,13.95
3,2018-03-26T18:09:05.039Z,12.47,13.9
3,2018-03-26T18:09:06.088Z,23.47,13.89
3,2018-03-26T18:09:07.078Z,22.55,13.92
3,2018-03-26T18:09:08.038Z,9.27,13.91
3,2018-03-26T18:09:09.028Z,14.22,14.03
3,2018-03-26T18:09:10.048Z,13.08,14.12
3,2018-03-26T18:09:11.040Z,11.8,14.15
3,2018-03-26T18:09:12.029Z,13.02,14.22
3,2018-03-26T18:09:13.078Z,22.05,14.59
3,2018-03-26T18:09:14.038Z,21.22,14.91
3,2018-03-26T18:09:15.029Z,20.72,14.93
3,2018-03-26T18:09:16.078Z,19.83,14.93
3,2018-03-26T18:09:17.008Z,19.13,15.01
3,2018-03-26T18:09:18.029Z,8.72,14.99
3,2018-03-26T18:09:19.078Z,8.97,14.75
3,2018-03-26T18:09:20.068Z,9.86,14.61
3,2018-03-26T18:09:21.028Z,11.94,14.71
3,2018-03-26T18:09:22.048Z,10.44,14.78
3,2018-03-26T18:09:23.069Z,10.77,14.85
3,2018-03-26T18:09:24.029Z,11.11,14.92
3,2018-03-26T18:09:25.079Z,11.44,14.98
3,2018-03-26T18:09:26.039Z,11.22,15.05
3,2018-03-26T18:09:27.028Z,10.94,15.08
3,2018-03-26T18:09:28.048Z,12.47,15.07
3,2018-03-26T18:09:29.069Z,11.27,14.22
3,2018-03-26T18:09:30.088Z,12.49,13.97
3,2018-03-26T18:09:31.018Z,19.52,14.15
3,2018-03-26T18:09:32.068Z,22.86,14.4
3,2018-03-26T18:09:33.088Z,22.27,14.77
3,2018-03-26T18:09:34.018Z,21.52,15.01
3,2018-03-26T18:09:35.069Z,19.94,15.18
3,2018-03-26T18:09:36.030Z,19.52,15.41
3,2018-03-26T18:09:37.078Z,18.66,15.25
3,2018-03-26T18:09:38.068Z,18.05,15.11
3,2018-03-26T18:09:39.088Z,16.61,15.34
3,2018-03-26T18:09:40.018Z,16.19,15.41
3,2018-03-26T18:09:41.068Z,15.77,15.49
3,2018-03-26T18:09:42.030Z,14.86,15.59
3,2018-03-26T18:09:43.018Z,10.22,15.5
3,2018-03-26T18:09:44.068Z,12.99,15.21
3,2018-03-26T18:09:45.059Z,18.38,15.12
3,2018-03-26T18:09:46.018Z,16.99,15.0
3,2018-03-26T18:09:47.068Z,15.41,14.86
3,2018-03-26T18:09:48.089Z,14.24,14.7
3,2018-03-26T18:09:49.018Z,27.08,15.29
3,2018-03-26T18:09:50.068Z,14.16,15.46
3,2018-03-26T18:09:51.030Z,23.49,15.9
3,2018-03-26T18:09:52.018Z,33.11,16.58
3,2018-03-26T18:09:53.069Z,16.24,16.77
3,2018-03-26T18:09:54.030Z,12.47,16.82
3,2018-03-26T18:09:55.018Z,11.3,16.83
3,2018-03-26T18:09:56.068Z,10.88,16.81
3,2018-03-26T18:09:57.058Z,12.91,16.86
3,2018-03-26T18:09:58.048Z,12.24,16.91
3,2018-03-26T18:09:59.038Z,12.83,16.92
3,2018-03-26T18:10:00.059Z,13.47,16.99
3,2018-03-26T18:10:01.048Z,22.16,17.3
3,2018-03-26T18:10:02.038Z,24.02,17.45
3,2018-03-26T18:10:03.028Z,22.52,17.44
3,2018-03-26T18:10:04.018Z,21.52,17.41
3,2018-03-26T18:10:05.008Z,20.88,17.39
3,2018-03-26T18:10:06.088Z,8.49,17.02
3,2018-03-26T18:10:07.078Z,11.16,16.75
3,2018-03-26T18:10:08.008Z,10.38,16.48
3,2018-03-26T18:10:09.028Z,9.94,16.22
3,2018-03-26T18:10:10.048Z,14.83,16.17
3,2018-03-26T18:10:11.008Z,8.38,15.91
3,2018-03-26T18:10:12.088Z,8.52,15.68
3,2018-03-26T18:10:13.078Z,10.83,15.55
3,2018-03-26T18:10:14.008Z,11.86,15.6
3,2018-03-26T18:10:15.028Z,9.16,15.48
3,2018-03-26T18:10:16.048Z,10.27,15.22
3,2018-03-26T18:10:17.068Z,8.58,14.95
3,2018-03-26T18:10:18.029Z,9.05,14.74
3,2018-03-26T18:10:19.018Z,10.52,14.62
3,2018-03-26T18:10:20.008Z,9.58,14.06
3,2018-03-26T18:10:21.088Z,10.77,13.95
3,2018-03-26T18:10:22.079Z,10.77,13.54
3,2018-03-26T18:10:23.069Z,10.36,12.8
3,2018-03-26T18:10:24.059Z,9.8,12.6
3,2018-03-26T18:10:25.048Z,10.05,12.52
3,2018-03-26T18:10:26.038Z,18.88,12.76
3,2018-03-26T18:10:27.088Z,18.38,13.0
3,2018-03-26T18:10:28.078Z,7.99,12.84
3,2018-03-26T18:10:29.069Z,9.02,12.74
3,2018-03-26T18:10:30.058Z,8.91,12.61
3,2018-03-26T18:10:31.048Z,9.13,12.47
3,2018-03-26T18:10:32.038Z,15.72,12.27
4,2018-03-21T19:09:16.713Z,0.88,0.88
4,2018-03-21T19:09:17.073Z,0.88,0.88
4,2018-03-21T19:09:18.004Z,0.88,0.88
4,2018-03-21T19:09:19.053Z,0.88,0.88
4,2018-03-21T19:09:20.044Z,0.88,0.88
4,2018-03-21T19:09:21.063Z,0.88,0.88
4,2018-03-21T19:09:22.053Z,0.88,0.88
4,2018-03-21T19:09:23.043Z,0.88,0.88
4,2018-03-21T19:09:24.003Z,0.88,0.88
4,2018-03-21T19:09:25.053Z,0.88,0.88
4,2018-03-21T19:09:26.043Z,0.88,0.88
4,2018-03-21T19:09:27.003Z,0.88,0.88
4,2018-03-21T19:09:28.054Z,0.88,0.88
4,2018-03-21T19:09:29.043Z,19.94,2.24
4,2018-03-21T19:09:30.033Z,16.02,3.16
4,2018-03-21T19:09:31.083Z,15.58,3.94
4,2018-03-21T19:09:32.014Z,15.33,4.61
4,2018-03-21T19:09:33.033Z,15.91,5.23
4,2018-03-21T19:09:34.054Z,16.72,5.84
4,2018-03-21T19:09:35.012Z,16.52,6.37
4,2018-03-21T19:09:36.003Z,16.94,6.88
4,2018-03-21T19:09:37.083Z,15.86,7.28
4,2018-03-21T19:09:38.103Z,16.08,7.67
4,2018-03-21T19:09:39.033Z,16.94,8.05
4,2018-03-21T19:09:40.113Z,16.94,8.41
4,2018-03-21T19:09:41.133Z,17.16,8.75
4,2018-03-21T19:09:42.003Z,16.83,9.04
4,2018-03-21T19:09:43.084Z,16.83,9.32
4,2018-03-21T19:09:44.133Z,17.22,9.6
4,2018-03-21T19:09:45.063Z,16.94,9.84
4,2018-03-21T19:09:46.083Z,16.94,10.07
4,2018-03-21T19:09:47.133Z,15.83,10.55
4,2018-03-21T19:09:48.033Z,16.44,11.05
4,2018-03-21T19:09:49.082Z,16.44,11.56
4,2018-03-21T19:09:50.132Z,22.38,12.25
4,2018-03-21T19:09:51.032Z,26.83,13.09
4,2018-03-21T19:09:52.082Z,26.83,13.92
4,2018-03-21T19:09:53.012Z,29.19,14.84
4,2018-03-21T19:09:54.032Z,29.72,15.77
4,2018-03-21T19:09:55.022Z,26.3,16.59
4,2018-03-21T19:09:56.013Z,25.49,17.38
4,2018-03-21T19:09:57.062Z,25.11,18.16
4,2018-03-21T19:09:58.052Z,27.33,19.02
4,2018-03-21T19:09:59.043Z,38.52,20.23
4,2018-03-21T19:10:00.032Z,19.69,20.22
4,2018-03-21T19:10:01.022Z,21.27,20.39
4,2018-03-21T19:10:02.013Z,23.05,20.63
4,2018-03-21T19:10:03.002Z,23.99,20.91
4,2018-03-21T19:10:04.052Z,24.61,21.19
4,2018-03-21T19:10:05.042Z,24.19,21.43
4,2018-03-21T19:10:06.032Z,22.44,21.62
4,2018-03-21T19:10:07.053Z,22.44,21.8
4,2018-03-21T19:10:08.043Z,20.05,21.94
4,2018-03-21T19:10:09.032Z,21.47,22.11
4,2018-03-21T19:10:10.052Z,26.49,22.42
4,2018-03-21T19:10:11.043Z,28.66,22.8
4,2018-03-21T19:10:12.062Z,25.58,23.07
4,2018-03-21T19:10:13.053Z,21.38,23.21
4,2018-03-21T19:10:14.043Z,19.38,23.3
4,2018-03-21T19:10:15.032Z,16.13,23.26
4,2018-03-21T19:10:16.022Z,16.69,23.25
4,2018-03-21T19:10:17.013Z,16.49,23.24
4,2018-03-21T19:10:18.002Z,15.41,23.23
4,2018-03-21T19:10:19.082Z,15.61,23.2
4,2018-03-21T19:10:20.102Z,15.69,23.17
4,2018-03-21T19:10:21.002Z,15.58,22.96
4,2018-03-21T19:10:22.052Z,15.13,22.58
4,2018-03-21T19:10:23.072Z,15.58,22.21
4,2018-03-21T19:10:24.062Z,15.69,21.78
4,2018-03-21T19:10:25.082Z,27.36,21.7
4,2018-03-21T19:10:26.043Z,54.13,22.6
4,2018-03-21T19:10:27.032Z,22.16,22.49
4,2018-03-21T19:10:28.082Z,28.52,22.6
4,2018-03-21T19:10:29.071Z,24.99,22.53
4,2018-03-21T19:10:30.062Z,21.11,21.97
4,2018-03-21T19:10:31.082Z,17.8,21.91
4,2018-03-21T19:10:32.072Z,17.3,21.78
4,2018-03-21T19:10:33.062Z,16.97,21.58
4,2018-03-21T19:10:34.023Z,16.94,21.35
4,2018-03-21T19:10:35.012Z,16.77,21.1
4,2018-03-21T19:10:36.062Z,16.94,20.87
4,2018-03-21T19:10:37.052Z,16.99,20.69
4,2018-03-21T19:10:38.012Z,16.13,20.49
4,2018-03-21T19:10:39.002Z,16.02,20.36
4,2018-03-21T19:10:40.052Z,16.16,20.19
4,2018-03-21T19:10:41.043Z,18.66,19.93
4,2018-03-21T19:10:42.032Z,17.61,19.58
4,2018-03-21T19:10:43.082Z,16.97,19.3
4,2018-03-21T19:10:44.072Z,16.77,19.15
4,2018-03-21T19:10:45.032Z,15.72,19.03
4,2018-03-21T19:10:46.022Z,15.69,19.02
4,2018-03-21T19:10:47.012Z,15.63,18.98
4,2018-03-21T19:10:48.062Z,15.22,18.94
4,2018-03-21T19:10:49.081Z,15.38,18.94
4,2018-03-21T19:10:50.012Z,17.08,18.99
4,2018-03-21T19:10:51.032Z,16.61,19.02
4,2018-03-21T19:10:52.052Z,16.72,19.06
4,2018-03-21T19:10:53.012Z,16.97,19.12
4,2018-03-21T19:10:54.032Z,16.63,19.15
4,2018-03-21T19:10:55.052Z,16.24,19.17
4,2018-03-21T19:10:56.012Z,16.05,18.8
4,2018-03-21T19:10:57.062Z,16.13,17.58
4,2018-03-21T19:10:58.052Z,25.36,17.68
4,2018-03-21T19:10:59.012Z,38.83,18.01
4,2018-03-21T19:11:00.032Z,19.74,17.84
4,2018-03-21T19:11:01.052Z,23.22,17.91
4,2018-03-21T19:11:02.071Z,25.19,18.15
4,2018-03-21T19:11:03.002Z,28.36,18.51
4,2018-03-21T19:11:04.052Z,31.33,18.97
4,2018-03-21T19:11:05.072Z,31.77,19.45
4,2018-03-21T19:11:06.002Z,30.08,19.88
4,2018-03-21T19:11:07.052Z,29.94,20.3
4,2018-03-21T19:11:08.013Z,28.69,20.67
4,2018-03-21T19:11:09.002Z,28.38,21.07
4,2018-03-21T19:11:10.052Z,17.83,21.13
4,2018-03-21T19:11:11.072Z,16.99,21.15
4,2018-03-21T19:11:12.002Z,16.83,21.1
4,2018-03-21T19:11:13.052Z,16.63,21.06
4,2018-03-21T19:11:14.013Z,15.58,21.02
4,2018-03-21T19:11:15.002Z,15.13,20.97
4,2018-03-21T19:11:16.052Z,27.08,21.33
4,2018-03-21T19:11:17.013Z,33.27,21.9
4,2018-03-21T19:11:18.032Z,17.77,21.97
4,2018-03-21T19:11:19.052Z,17.05,22.03
4,2018-03-21T19:11:20.013Z,16.8,22.07
4,2018-03-21T19:11:21.002Z,16.72,22.06
4,2018-03-21T19:11:22.052Z,15.47,22.03
4,2018-03-21T19:11:23.013Z,15.02,21.97
4,2018-03-21T19:11:24.002Z,14.94,21.9
4,2018-03-21T19:11:25.053Z,15.3,21.86
4,2018-03-21T19:11:26.012Z,14.97,21.82
4,2018-03-21T19:11:27.031Z,15.02,21.79
4,2018-03-21T19:11:28.022Z,15.3,21.76
4,2018-03-21T19:11:29.012Z,14.99,21.43
4,2018-03-21T19:11:30.032Z,14.88,20.65
4,2018-03-21T19:11:31.082Z,14.94,20.5
4,2018-03-21T19:11:32.072Z,17.72,20.32
4,2018-03-21T19:11:33.002Z,16.55,20.04
4,2018-03-21T19:11:34.022Z,15.19,19.62
4,2018-03-21T19:11:35.012Z,15.16,19.1
4,2018-03-21T19:11:36.062Z,14.97,18.55
4,2018-03-21T19:11:37.052Z,14.88,18.06
4,2018-03-21T19:11:38.072Z,14.66,17.57
4,2018-03-21T19:11:39.062Z,14.63,17.12
4,2018-03-21T19:11:40.052Z,14.8,16.68
4,2018-03-21T19:11:41.072Z,14.77,16.58
4,2018-03-21T19:11:42.002Z,15.02,16.52
4,2018-03-21T19:11:43.022Z,14.86,16.45
4,2018-03-21T19:11:44.012Z,15.94,16.43
4,2018-03-21T19:11:45.002Z,17.66,16.5
4,2018-03-21T19:11:46.052Z,15.91,16.52
4,2018-03-21T19:11:47.042Z,15.94,16.16
4,2018-03-21T19:11:48.032Z,23.22,15.84
4,2018-03-21T19:11:49.022Z,48.8,16.84
4,2018-03-21T19:11:50.012Z,36.05,17.45
4,2018-03-21T19:11:51.002Z,32.47,17.96
4,2018-03-21T19:11:52.082Z,34.02,18.52
4,2018-03-21T19:11:53.072Z,24.22,18.8
4,2018-03-21T19:11:54.062Z,17.77,18.89
4,2018-03-21T19:11:55.052Z,16.88,18.95
4,2018-03-21T19:11:56.042Z,16.74,19.0
4,2018-03-21T19:11:57.032Z,16.61,19.05
4,2018-03-21T19:11:58.022Z,15.33,19.06
4,2018-03-21T19:11:59.012Z,14.91,19.05
4,2018-03-21T19:12:00.008Z,14.77,19.04
4,2018-03-21T19:12:01.052Z,14.8,19.04
4,2018-03-21T19:12:02.042Z,14.44,19.02
4,2018-03-21T19:12:03.032Z,14.86,18.93
4,2018-03-21T19:12:04.022Z,14.69,18.87
4,2018-03-21T19:12:05.042Z,14.61,18.85
4,2018-03-21T19:12:06.032Z,14.88,18.84
4,2018-03-21T19:12:07.022Z,14.44,18.83
4,2018-03-21T19:12:08.013Z,14.69,18.82
4,2018-03-21T19:12:09.002Z,14.49,18.81
4,2018-03-21T19:12:10.082Z,14.74,18.82
4,2018-03-21T19:12:11.012Z,9.52,18.65
4,2018-03-21T19:12:12.002Z,9.77,18.49
4,2018-03-21T19:12:13.081Z,9.3,18.3
4,2018-03-21T19:12:14.012Z,9.49,18.13
4,2018-03-21T19:12:15.002Z,9.58,17.92
4,2018-03-21T19:12:16.082Z,9.72,17.67
4,2018-03-21T19:12:17.072Z,9.49,17.46
4,2018-03-21T19:12:18.062Z,9.63,17.26
4,2018-03-21T19:12:19.052Z,9.49,16.81
4,2018-03-21T19:12:20.041Z,9.38,15.54
4,2018-03-21T19:12:21.032Z,9.47,14.68
4,2018-03-21T19:12:22.022Z,9.55,13.94
4,2018-03-21T19:12:23.011Z,11.72,13.23
4,2018-03-21T19:12:24.002Z,14.49,12.91
4,2018-03-21T19:12:25.082Z,27.58,13.23
4,2018-03-21T19:12:26.072Z,33.99,13.78
4,2018-03-21T19:12:27.062Z,17.44,13.8
4,2018-03-21T19:12:28.052Z,23.05,14.01
4,2018-03-21T19:12:29.042Z,35.33,14.66
4,2018-03-21T19:12:30.092Z,28.13,15.08
4,2018-03-21T19:12:31.082Z,14.77,15.08
4,2018-03-21T19:12:32.072Z,14.36,15.07
4,2018-03-21T19:12:33.062Z,13.77,15.05
4,2018-03-21T19:12:34.052Z,13.3,15.0
4,2018-03-21T19:12:35.042Z,12.63,14.93
4,2018-03-21T19:12:36.032Z,12.91,14.87
4,2018-03-21T19:12:37.082Z,11.91,14.78
4,2018-03-21T19:12:38.072Z,11.33,14.68
4,2018-03-21T19:12:39.032Z,10.49,14.54
4,2018-03-21T19:12:40.022Z,10.38,14.41
4,2018-03-21T19:12:41.072Z,10.8,14.28
4,2018-03-21T19:12:42.033Z,10.74,14.32
4,2018-03-21T19:12:43.082Z,10.77,14.35
4,2018-03-21T19:12:44.012Z,10.41,14.39
4,2018-03-21T19:12:45.032Z,10.44,14.42
4,2018-03-21T19:12:46.022Z,9.86,14.43
4,2018-03-21T19:12:47.072Z,9.22,14.41
4,2018-03-21T19:12:48.002Z,9.58,14.42
4,2018-03-21T19:12:49.022Z,9.47,14.41
4,2018-03-21T19:12:50.042Z,9.61,14.42
4,2018-03-21T19:12:51.062Z,9.55,14.42
4,2018-03-21T19:12:52.022Z,9.63,14.43
4,2018-03-21T19:12:53.013Z,9.44,14.42
4,2018-03-21T19:12:54.032Z,9.49,14.35
4,2018-03-21T19:12:55.082Z,9.47,14.19
4,2018-03-21T19:12:56.012Z,9.66,13.61
4,2018-03-21T19:12:57.002Z,9.33,12.82
4,2018-03-21T19:12:58.052Z,9.41,12.56
4,2018-03-21T19:12:59.042Z,9.49,12.12
4,2018-03-21T19:13:00.062Z,9.52,11.29
4,2018-03-21T19:13:01.082Z,9.49,10.68
4,2018-03-21T19:13:02.012Z,9.69,10.52
4,2018-03-21T19:13:03.062Z,9.3,10.36
4,2018-03-21T19:13:04.052Z,9.55,10.22
4,2018-03-21T19:13:05.012Z,9.3,10.09
4,2018-03-21T19:13:06.031Z,9.69,10.0
4,2018-03-21T19:13:07.052Z,9.33,9.88
4,2018-03-21T19:13:08.072Z,9.49,9.8
4,2018-03-21T19:13:09.062Z,9.33,9.74
4,2018-03-21T19:13:10.023Z,9.38,9.7
4,2018-03-21T19:13:11.012Z,9.24,9.67
4,2018-03-21T19:13:12.032Z,9.49,9.62
4,2018-03-21T19:13:13.052Z,9.66,9.59
4,2018-03-21T19:13:14.012Z,9.49,9.55
4,2018-03-21T19:13:15.061Z,9.33,9.51
5,2017-11-02T13:27:31.820Z,9.82999992371,9.83
5,2017-11-02T13:27:32.820Z,9.03999996185,9.43
5,2017-11-02T13:27:33.920Z,9.03999996185,9.3
5,2017-11-02T13:27:34.920Z,8.80000019073,9.18
5,2017-11-02T13:27:35.020Z,8.80000019073,9.1
5,2017-11-02T13:27:36.020Z,8.80000019073,9.05
5,2017-11-02T13:27:37.020Z,8.47999954224,8.97
5,2017-11-02T13:27:39.120Z,8.43999958038,8.9
5,2017-11-02T13:27:40.220Z,8.43999958038,8.85
5,2017-11-02T13:27:41.120Z,8.14000034332,8.78
5,2017-11-02T13:27:41.220Z,8.14000034332,8.72
5,2017-11-02T13:27:42.220Z,8.14000034332,8.67
5,2017-11-02T13:27:43.220Z,7.75,8.6
5,2017-11-02T13:27:45.320Z,7.21000003815,8.5
5,2017-11-02T13:27:45.420Z,7.21000003815,8.42
5,2017-11-02T13:27:46.420Z,7.21000003815,8.34
5,2017-11-02T13:27:47.420Z,7.21000003815,8.28
5,2017-11-02T13:27:48.520Z,7.21000003815,8.22
5,2017-11-02T13:27:49.520Z,7.67999982834,8.19
5,2017-11-02T13:27:50.620Z,7.67999982834,8.16
5,2017-11-02T13:27:51.520Z,8.97000026703,8.2
5,2017-11-02T13:27:51.620Z,8.97000026703,8.24
5,2017-11-02T13:27:51.720Z,8.97000026703,8.27
5,2017-11-02T13:27:51.820Z,7.86000013351,8.25
5,2017-11-02T13:27:52.420Z,7.86000013351,8.24
5,2017-11-02T13:27:53.720Z,7.86000013351,8.22
5,2017-11-02T13:27:55.720Z,7.86000013351,8.21
5,2017-11-02T13:27:56.820Z,6.46000003815,8.15
5,2017-11-02T13:27:56.920Z,6.46000003815,8.09
5,2017-11-02T13:27:57.720Z,6.46000003815,8.03
5,2017-11-02T13:27:59.720Z,6.46000003815,7.98
5,2017-11-02T13:28:02.020Z,6.15999984741,7.86
5,2017-11-02T13:28:04.120Z,6.15999984741,7.77
5,2017-11-02T13:28:06.220Z,6.15999984741,7.68
5,2017-11-02T13:28:07.220Z,5.86999988556,7.58
5,2017-11-02T13:28:08.320Z,5.86999988556,7.49
5,2017-11-02T13:28:11.020Z,5.86999988556,7.39
5,2017-11-02T13:28:12.220Z,5.92000007629,7.31
5,2017-11-02T13:28:13.020Z,5.92000007629,7.23
5,2017-11-02T13:28:15.020Z,5.92000007629,7.15
5,2017-11-02T13:28:17.120Z,5.92000007629,7.08
5,2017-11-02T13:28:17.320Z,5.94000005722,7.01
5,2017-11-02T13:28:17.420Z,5.94000005722,6.94
5,2017-11-02T13:28:19.120Z,5.94000005722,6.88
5,2017-11-02T13:28:21.220Z,5.94000005722,6.84
5,2017-11-02T13:28:22.320Z,5.94000005722,6.8
5,2017-11-02T13:28:23.320Z,5.94000005722,6.75
5,2017-11-02T13:28:25.420Z,5.94000005722,6.71
5,2017-11-02T13:28:27.520Z,10.9200000763,6.83
5,2017-11-02T13:28:27.720Z,10.9200000763,6.94
5,2017-11-02T13:28:27.820Z,31.9200000763,7.72
5,2017-11-02T13:28:27.920Z,31.9200000763,8.46
5,2017-11-02T13:28:28.520Z,31.9200000763,9.2
5,2017-11-02T13:28:29.820Z,43.5200004578,10.31
5,2017-11-02T13:28:30.620Z,43.5200004578,11.46
5,2017-11-02T13:28:31.620Z,43.5200004578,12.62
5,2017-11-02T13:28:31.820Z,38.3600006104,13.6
5,2017-11-02T13:28:32.720Z,38.3600006104,14.58
5,2017-11-02T13:28:33.020Z,38.3600006104,15.61
5,2017-11-02T13:28:33.720Z,38.3600006104,16.64
5,2017-11-02T13:28:33.820Z,28.2999992371,17.35
5,2017-11-02T13:28:34.720Z,28.2999992371,18.05
5,2017-11-02T13:28:35.920Z,25.0499992371,18.66
5,2017-11-02T13:28:37.020Z,25.0499992371,19.27
5,2017-11-02T13:28:38.120Z,8.47999954224,19.34
5,2017-11-02T13:28:39.220Z,8.47999954224,19.43
5,2017-11-02T13:28:40.220Z,8.57999992371,19.52
5,2017-11-02T13:28:42.320Z,8.35999965668,19.6
5,2017-11-02T13:28:43.320Z,8.35999965668,19.67
5,2017-11-02T13:28:43.420Z,8.35999965668,19.75
5,2017-11-02T13:28:44.320Z,8.06000041962,19.82
5,2017-11-02T13:28:44.420Z,8.06000041962,19.89
5,2017-11-02T13:28:46.420Z,12.1000003815,20.09
5,2017-11-02T13:28:46.520Z,12.1000003815,20.29
5,2017-11-02T13:28:47.520Z,12.1000003815,20.49
5,2017-11-02T13:28:48.520Z,11.4399995804,20.66
5,2017-11-02T13:28:50.620Z,8.03999996185,20.73
5,2017-11-02T13:28:52.720Z,23.3199996948,21.29
5,2017-11-02T13:28:53.720Z,23.3199996948,21.85
5,2017-11-02T13:28:54.720Z,6.82000017166,21.72
5,2017-11-02T13:28:56.820Z,7.88000011444,21.62
5,2017-11-02T13:28:56.920Z,7.88000011444,20.85
5,2017-11-02T13:28:57.920Z,7.88000011444,20.07
5,2017-11-02T13:28:58.920Z,9.48999977112,19.35
5,2017-11-02T13:29:00.020Z,9.48999977112,18.25
5,2017-11-02T13:29:01.020Z,8.68999958038,17.13
5,2017-11-02T13:29:03.120Z,25.5499992371,16.55
5,2017-11-02T13:29:04.120Z,25.5499992371,16.13
5,2017-11-02T13:29:05.120Z,29.9300003052,15.86
5,2017-11-02T13:29:05.220Z,29.9300003052,15.59
5,2017-11-02T13:29:06.220Z,29.9300003052,15.32
5,2017-11-02T13:29:07.220Z,24.3099994659,15.19
5,2017-11-02T13:29:07.320Z,24.3099994659,15.06
5,2017-11-02T13:29:08.320Z,24.3099994659,15.04
5,2017-11-02T13:29:09.320Z,26.9899997711,15.1
5,2017-11-02T13:29:09.420Z,26.9899997711,15.7
5,2017-11-02T13:29:10.520Z,26.9899997711,16.29
5,2017-11-02T13:29:12.220Z,10.970000267,16.37
5,2017-11-02T13:29:14.220Z,19.0499992371,16.72
5,2017-11-02T13:29:14.320Z,19.0499992371,17.06
5,2017-11-02T13:29:15.320Z,19.0499992371,17.41
5,2017-11-02T13:29:16.320Z,10.6400003433,17.49
5,2017-11-02T13:29:18.320Z,11.25,17.59
5,2017-11-02T13:29:18.420Z,11.25,17.56
5,2017-11-02T13:29:19.420Z,11.25,17.54
5,2017-11-02T13:29:20.420Z,9.02000045776,17.44
5,2017-11-02T13:29:21.520Z,9.02000045776,17.36
5,2017-11-02T13:29:22.520Z,7.88000011444,17.35
5,2017-11-02T13:29:22.620Z,7.88000011444,16.86
5,2017-11-02T13:29:24.620Z,7.59000015259,16.35
5,2017-11-02T13:29:26.720Z,10.279999733,16.46
5,2017-11-02T13:29:27.820Z,10.279999733,16.54
5,2017-11-02T13:29:27.920Z,8.06000041962,16.54
5,2017-11-02T13:29:28.020Z,8.06000041962,16.55
5,2017-11-02T13:29:28.620Z,8.06000041962,16.5
5,2017-11-02T13:29:29.620Z,8.06000041962,16.46
5,2017-11-02T13:29:29.720Z,8.06000041962,16.44
5,2017-11-02T13:29:29.820Z,17.0400009155,16.16
5,2017-11-02T13:29:30.420Z,17.0400009155,15.89
5,2017-11-02T13:29:31.720Z,17.0400009155,15.47
5,2017-11-02T13:29:31.820Z,26.4699993134,15.36
5,2017-11-02T13:29:32.520Z,26.4699993134,15.25
5,2017-11-02T13:29:33.520Z,26.4699993134,15.32
5,2017-11-02T13:29:33.720Z,26.4699993134,15.39
5,2017-11-02T13:29:33.820Z,34.5999984741,15.72
5,2017-11-02T13:29:34.620Z,34.5999984741,15.97
5,2017-11-02T13:29:34.920Z,34.5999984741,16.21
5,2017-11-02T13:29:35.620Z,34.5999984741,16.46
5,2017-11-02T13:29:35.720Z,34.5999984741,17.22
5,2017-11-02T13:29:35.820Z,47.8600006104,18.15
5,2017-11-02T13:29:36.720Z,47.8600006104,19.08
5,2017-11-02T13:29:37.720Z,47.8600006104,20.01
5,2017-11-02T13:29:37.820Z,27.8400001526,20.56
5,2017-11-02T13:29:38.720Z,27.8400001526,21.1
5,2017-11-02T13:29:39.820Z,7.30999994278,20.97
5,2017-11-02T13:29:39.920Z,7.30999994278,20.84
5,2017-11-02T13:29:40.820Z,7.30999994278,20.79
5,2017-11-02T13:29:41.920Z,7.13999986649,20.73
5,2017-11-02T13:29:42.920Z,7.13999986649,20.7
5,2017-11-02T13:29:43.920Z,9.35000038147,20.75
5,2017-11-02T13:29:45.020Z,9.35000038147,20.81
5,2017-11-02T13:29:45.120Z,9.35000038147,20.78
5,2017-11-02T13:29:45.220Z,9.35000038147,20.75
5,2017-11-02T13:29:45.320Z,8.14000034332,20.75
5,2017-11-02T13:29:45.420Z,8.14000034332,20.75
5,2017-11-02T13:29:46.020Z,8.14000034332,20.76
5,2017-11-02T13:29:47.220Z,8.14000034332,20.76
5,2017-11-02T13:29:48.320Z,8.14000034332,20.76
5,2017-11-02T13:29:48.420Z,10.5799999237,20.55
5,2017-11-02T13:29:48.520Z,10.5799999237,20.34
5,2017-11-02T13:29:49.120Z,10.5799999237,20.14
5,2017-11-02T13:29:50.220Z,10.5799999237,19.62
5,2017-11-02T13:29:50.320Z,10.5799999237,19.11
5,2017-11-02T13:29:50.420Z,11.0,18.61
5,2017-11-02T13:29:51.220Z,11.0,18.11
5,2017-11-02T13:29:52.320Z,11.0,17.35
5,2017-11-02T13:29:52.420Z,9.13000011444,16.53
5,2017-11-02T13:29:53.320Z,9.13000011444,15.71
5,2017-11-02T13:29:53.420Z,7.13999986649,14.82
5,2017-11-02T13:29:53.520Z,7.13999986649,13.94
5,2017-11-02T13:29:54.120Z,7.13999986649,12.62
5,2017-11-02T13:29:55.420Z,7.13999986649,11.31
5,2017-11-02T13:29:57.220Z,7.13999986649,10.0
5,2017-11-02T13:29:57.320Z,7.13999986649,9.33
5,2017-11-02T13:29:57.420Z,11.7100000381,8.81
5,2017-11-02T13:29:58.020Z,11.7100000381,8.95
5,2017-11-02T13:29:59.320Z,11.7100000381,9.09
5,2017-11-02T13:29:59.420Z,10.6099996567,9.2
5,2017-11-02T13:30:00.120Z,10.6099996567,9.31
5,2017-11-02T13:30:01.120Z,10.6099996567,9.42
5,2017-11-02T13:30:01.320Z,10.6099996567,9.46
5,2017-11-02T13:30:01.420Z,9.02000045776,9.45
5,2017-11-02T13:30:02.220Z,9.02000045776,9.44
5,2017-11-02T13:30:02.520Z,9.02000045776,9.43
5,2017-11-02T13:30:03.220Z,9.02000045776,9.46
5,2017-11-02T13:30:03.320Z,9.02000045776,9.49
5,2017-11-02T13:30:03.420Z,9.69999980927,9.54
5,2017-11-02T13:30:04.320Z,9.69999980927,9.59
5,2017-11-02T13:30:05.320Z,9.69999980927,9.64
5,2017-11-02T13:30:05.420Z,44.8600006104,10.74
5,2017-11-02T13:30:06.320Z,44.8600006104,11.85
5,2017-11-02T13:30:07.420Z,44.4700012207,12.94
5,2017-11-02T13:30:07.520Z,44.4700012207,14.04
5,2017-11-02T13:30:08.420Z,44.4700012207,15.13
5,2017-11-02T13:30:09.520Z,14.5,15.24
5,2017-11-02T13:30:11.520Z,7.03999996185,15.11
5,2017-11-02T13:30:13.320Z,7.03999996185,14.99
5,2017-11-02T13:30:13.520Z,9.07999992371,14.98
5,2017-11-02T13:30:14.320Z,9.07999992371,14.98
5,2017-11-02T13:30:15.420Z,9.07999992371,15.05
5,2017-11-02T13:30:15.520Z,12.1000003815,15.21
5,2017-11-02T13:30:17.420Z,12.1000003815,15.37
5,2017-11-02T13:30:17.520Z,10.3100004196,15.47
5,2017-11-02T13:30:18.320Z,10.3100004196,15.57
5,2017-11-02T13:30:19.620Z,12.0,15.73
5,2017-11-02T13:30:21.620Z,8.03999996185,15.61
5,2017-11-02T13:30:22.720Z,8.03999996185,15.49
5,2017-11-02T13:30:23.720Z,10.0900001526,15.44
5,2017-11-02T13:30:24.820Z,10.0900001526,15.42
5,2017-11-02T13:30:25.820Z,7.07999992371,15.31
5,2017-11-02T13:30:27.920Z,7.96999979019,15.22
5,2017-11-02T13:30:28.020Z,7.96999979019,15.14
5,2017-11-02T13:30:28.120Z,6.71000003815,15.06
5,2017-11-02T13:30:28.220Z,6.71000003815,14.99
5,2017-11-02T13:30:28.720Z,6.71000003815,14.91
5,2017-11-02T13:30:30.020Z,6.71000003815,14.84
5,2017-11-02T13:30:32.020Z,6.71000003815,14.76
5,2017-11-02T13:30:33.120Z,6.09999990463,14.65
5,2017-11-02T13:30:33.220Z,6.09999990463,14.53
5,2017-11-02T13:30:33.920Z,6.09999990463,14.42
5,2017-11-02T13:30:34.020Z,6.09999990463,13.17
5,2017-11-02T13:30:34.120Z,19.1200008392,12.34
5,2017-11-02T13:30:34.220Z,19.1200008392,11.52
5,2017-11-02T13:30:34.720Z,19.1200008392,10.7
5,2017-11-02T13:30:36.020Z,19.1200008392,9.88
5,2017-11-02T13:30:36.120Z,23.5900001526,10.18
5,2017-11-02T13:30:36.820Z,23.5900001526,10.71
5,2017-11-02T13:30:37.920Z,23.5900001526,11.24
5,2017-11-02T13:30:38.020Z,23.5900001526,11.71
5,2017-11-02T13:30:38.120Z,9.35000038147,11.72
5,2017-11-02T13:30:38.920Z,9.35000038147,11.73
5,2017-11-02T13:30:39.020Z,9.35000038147,11.64
5,2017-11-02T13:30:39.220Z,9.35000038147,11.55
5,2017-11-02T13:30:39.920Z,9.35000038147,11.52
5,2017-11-02T13:30:40.020Z,9.35000038147,11.49
5,2017-11-02T13:30:40.120Z,8.5,11.38
5,2017-11-02T13:30:40.220Z,8.5,11.39
5,2017-11-02T13:30:40.720Z,8.5,11.41
5,2017-11-02T13:30:41.820Z,8.5,11.35
5,2017-11-02T13:30:41.920Z,7.59000015259,11.27
5,2017-11-02T13:30:42.020Z,7.59000015259,11.29
5,2017-11-02T13:30:42.620Z,7.59000015259,11.28
5,2017-11-02T13:30:43.720Z,7.59000015259,11.27
5,2017-11-02T13:30:43.820Z,7.13999986649,11.28
5,2017-11-02T13:30:44.420Z,7.13999986649,11.29
5,2017-11-02T13:30:45.520Z,7.13999986649,11.31
5,2017-11-02T13:30:45.620Z,20.2800006866,11.75
5,2017-11-02T13:30:45.720Z,20.2800006866,12.18
5,2017-11-02T13:30:46.320Z,20.2800006866,12.64
5,2017-11-02T13:30:47.520Z,20.2800006866,13.1
6,2017-11-02T13:51:53.106Z,6.69999980927,6.7
6,2017-11-02T13:51:54.106Z,6.69999980927,6.7
6,2017-11-02T13:51:54.706Z,10.6599998474,8.02
6,2017-11-02T13:51:55.206Z,10.6599998474,8.68
6,2017-11-02T13:51:55.706Z,10.6599998474,9.08
6,2017-11-02T13:51:56.206Z,10.6599998474,9.34
6,2017-11-02T13:51:56.806Z,16.0799999237,10.3
6,2017-11-02T13:51:57.206Z,16.0799999237,11.02
6,2017-11-02T13:51:57.806Z,16.0799999237,11.59
6,2017-11-02T13:51:58.306Z,16.0799999237,12.04
6,2017-11-02T13:51:58.906Z,15.6000003815,12.36
6,2017-11-02T13:52:00.406Z,15.6000003815,12.63
6,2017-11-02T13:52:00.906Z,11.8000001907,12.57
6,2017-11-02T13:52:01.406Z,11.8000001907,12.51
6,2017-11-02T13:52:03.006Z,4.63999986649,11.99
6,2017-11-02T13:52:03.506Z,4.63999986649,11.53
6,2017-11-02T13:52:04.506Z,4.63999986649,11.12
6,2017-11-02T13:52:05.106Z,4.48000001907,10.75
6,2017-11-02T13:52:05.506Z,4.48000001907,10.42
6,2017-11-02T13:52:06.106Z,4.48000001907,10.13
6,2017-11-02T13:52:06.606Z,4.48000001907,9.86
6,2017-11-02T13:52:07.206Z,4.59999990463,9.62
6,2017-11-02T13:52:07.606Z,4.59999990463,9.4
6,2017-11-02T13:52:08.206Z,4.59999990463,9.2
6,2017-11-02T13:52:08.706Z,4.59999990463,9.02
6,2017-11-02T13:52:09.206Z,4.59999990463,8.85
6,2017-11-02T13:52:09.306Z,4.51999998093,8.69
6,2017-11-02T13:52:09.706Z,4.51999998093,8.54
6,2017-11-02T13:52:11.306Z,9.53999996185,8.57
6,2017-11-02T13:52:11.806Z,9.53999996185,8.6
6,2017-11-02T13:52:12.806Z,9.53999996185,8.63
6,2017-11-02T13:52:13.406Z,15.7899999619,8.93
6,2017-11-02T13:52:13.906Z,15.7899999619,9.22
6,2017-11-02T13:52:14.906Z,15.7899999619,9.39
6,2017-11-02T13:52:16.206Z,12.8999996185,9.46
6,2017-11-02T13:52:16.406Z,12.8999996185,9.53
6,2017-11-02T13:52:17.206Z,12.8999996185,9.6
6,2017-11-02T13:52:18.206Z,15.6899995804,9.59
6,2017-11-02T13:52:18.306Z,15.6899995804,9.58
6,2017-11-02T13:52:18.406Z,15.6899995804,9.57
6,2017-11-02T13:52:19.306Z,15.6899995804,9.55
6,2017-11-02T13:52:20.206Z,14.6400003433,9.52
6,2017-11-02T13:52:21.406Z,14.6400003433,9.49
6,2017-11-02T13:52:22.206Z,7.78999996185,9.36
6,2017-11-02T13:52:22.406Z,7.78999996185,9.23
6,2017-11-02T13:52:23.506Z,7.78999996185,9.33
6,2017-11-02T13:52:24.306Z,7.78999996185,9.44
6,2017-11-02T13:52:24.506Z,7.78999996185,9.54
6,2017-11-02T13:52:25.606Z,7.78999996185,9.64
6,2017-11-02T13:52:26.606Z,6.90999984741,9.72
6,2017-11-02T13:52:26.706Z,6.90999984741,9.8
6,2017-11-02T13:52:27.706Z,6.90999984741,9.88
6,2017-11-02T13:52:28.706Z,6.69999980927,9.95
6,2017-11-02T13:52:28.806Z,6.69999980927,10.01
6,2017-11-02T13:52:30.906Z,10.3500003815,10.2
6,2017-11-02T13:52:31.006Z,10.3500003815,10.39
6,2017-11-02T13:52:32.006Z,10.3500003815,10.57
6,2017-11-02T13:52:33.006Z,17.4099998474,10.99
6,2017-11-02T13:52:34.106Z,17.4099998474,11.4
6,2017-11-02T13:52:35.106Z,18.9699993134,11.71
6,2017-11-02T13:52:36.206Z,18.9699993134,12.01
6,2017-11-02T13:52:37.206Z,18.3299999237,12.29
6,2017-11-02T13:52:38.306Z,18.3299999237,12.38
6,2017-11-02T13:52:39.206Z,18.3299999237,12.46
6,2017-11-02T13:52:39.306Z,11.6599998474,12.32
6,2017-11-02T13:52:40.306Z,11.6599998474,12.28
6,2017-11-02T13:52:41.306Z,8.36999988556,12.14
6,2017-11-02T13:52:41.406Z,8.36999988556,11.99
6,2017-11-02T13:52:42.406Z,8.36999988556,11.76
6,2017-11-02T13:52:43.406Z,6.15000009537,11.45
6,2017-11-02T13:52:43.506Z,6.15000009537,11.14
6,2017-11-02T13:52:44.506Z,6.15000009537,10.83
6,2017-11-02T13:52:45.506Z,3.54999995232,10.48
6,2017-11-02T13:52:47.606Z,3.70000004768,10.12
6,2017-11-02T13:52:48.706Z,3.70000004768,9.99
6,2017-11-02T13:52:49.606Z,3.70000004768,9.86
6,2017-11-02T13:52:49.706Z,3.6099998951,9.72
6,2017-11-02T13:52:50.806Z,3.6099998951,9.59
6,2017-11-02T13:52:51.706Z,3.49000000954,9.45
6,2017-11-02T13:52:52.806Z,3.49000000954,9.31
6,2017-11-02T13:52:53.806Z,2.93000006676,9.18
6,2017-11-02T13:52:54.806Z,2.93000006676,9.05
6,2017-11-02T13:52:54.906Z,2.93000006676,8.93
6,2017-11-02T13:52:55.906Z,2.96000003815,8.81
6,2017-11-02T13:52:56.006Z,2.96000003815,8.69
6,2017-11-02T13:52:58.006Z,2.99000000954,8.45
6,2017-11-02T13:53:00.106Z,2.93000006676,8.21
6,2017-11-02T13:53:01.206Z,2.93000006676,7.97
6,2017-11-02T13:53:02.206Z,2.96000003815,7.5
6,2017-11-02T13:53:03.206Z,2.96000003815,7.04
6,2017-11-02T13:53:03.306Z,2.96000003815,6.52
6,2017-11-02T13:53:04.206Z,2.96000003815,6.0
6,2017-11-02T13:53:04.306Z,3.24000000954,5.52
6,2017-11-02T13:53:05.306Z,3.24000000954,5.03
6,2017-11-02T13:53:05.406Z,3.24000000954,4.54
6,2017-11-02T13:53:06.406Z,3.29999995232,4.27
6,2017-11-02T13:53:08.606Z,4.09000015259,4.03
6,2017-11-02T13:53:10.706Z,3.6099998951,3.88
6,2017-11-02T13:53:11.806Z,3.6099998951,3.72
6,2017-11-02T13:53:12.806Z,3.54999995232,3.57
6,2017-11-02T13:53:13.806Z,3.54999995232,3.48
6,2017-11-02T13:53:13.906Z,3.54999995232,3.4
6,2017-11-02T13:53:14.806Z,3.54999995232,3.32
6,2017-11-02T13:53:14.906Z,3.6400001049,3.32
6,2017-11-02T13:53:15.906Z,3.6400001049,3.32
6,2017-11-02T13:53:16.906Z,3.6099998951,3.31
6,2017-11-02T13:53:17.006Z,3.6099998951,3.31
6,2017-11-02T13:53:18.006Z,3.6099998951,3.31
6,2017-11-02T13:53:18.806Z,3.6099998951,3.31
6,2017-11-02T13:53:18.906Z,3.51999998093,3.31
6,2017-11-02T13:53:19.106Z,3.51999998093,3.31
6,2017-11-02T13:53:20.106Z,3.51999998093,3.33
6,2017-11-02T13:53:20.906Z,3.49000000954,3.35
6,2017-11-02T13:53:21.206Z,3.49000000954,3.37
6,2017-11-02T13:53:21.806Z,3.49000000954,3.38
6,2017-11-02T13:53:21.906Z,3.42000007629,3.4
6,2017-11-02T13:53:22.006Z,3.42000007629,3.41
6,2017-11-02T13:53:22.506Z,3.42000007629,3.43
6,2017-11-02T13:53:23.806Z,3.42000007629,3.45
6,2017-11-02T13:53:24.706Z,3.42000007629,3.46
6,2017-11-02T13:53:24.806Z,16.6499996185,3.9
6,2017-11-02T13:53:25.406Z,16.6499996185,4.34
6,2017-11-02T13:53:26.006Z,16.6499996185,4.78
6,2017-11-02T13:53:26.706Z,4.94000005722,4.84
6,2017-11-02T13:53:27.506Z,4.94000005722,4.89
6,2017-11-02T13:53:28.506Z,4.94000005722,4.95
6,2017-11-02T13:53:28.706Z,24.3199996948,5.63
6,2017-11-02T13:53:29.606Z,24.3199996948,6.28
6,2017-11-02T13:53:29.906Z,24.3199996948,6.95
6,2017-11-02T13:53:30.606Z,24.3199996948,7.62
6,2017-11-02T13:53:30.706Z,21.3299999237,8.19
6,2017-11-02T13:53:31.006Z,21.3299999237,8.76
6,2017-11-02T13:53:31.706Z,21.3299999237,9.34
6,2017-11-02T13:53:32.706Z,25.9899997711,10.06
6,2017-11-02T13:53:33.706Z,25.9899997711,10.78
6,2017-11-02T13:53:34.806Z,5.82000017166,10.85
6,2017-11-02T13:53:34.906Z,5.82000017166,10.92
6,2017-11-02T13:53:36.006Z,5.82000017166,10.99
6,2017-11-02T13:53:36.806Z,5.82000017166,11.07
6,2017-11-02T13:53:36.906Z,22.0100002289,11.66
6,2017-11-02T13:53:37.906Z,22.0100002289,12.26
6,2017-11-02T13:53:38.906Z,20.5300006866,12.8
6,2017-11-02T13:53:40.006Z,20.5300006866,13.35
6,2017-11-02T13:53:41.106Z,24.4500007629,14.03
6,2017-11-02T13:53:43.206Z,24.4500007629,14.71
6,2017-11-02T13:53:43.306Z,4.21000003815,14.73
6,2017-11-02T13:53:44.306Z,4.21000003815,14.75
6,2017-11-02T13:53:45.406Z,11.8800001144,15.03
6,2017-11-02T13:53:46.506Z,11.8800001144,15.3
6,2017-11-02T13:53:47.606Z,3.6400001049,15.31
6,2017-11-02T13:53:48.606Z,3.6400001049,15.31
6,2017-11-02T13:53:49.606Z,3.6400001049,14.89
6,2017-11-02T13:53:49.706Z,3.32999992371,14.46
6,2017-11-02T13:53:50.706Z,3.32999992371,14.04
6,2017-11-02T13:53:51.706Z,3.3900001049,13.99
6,2017-11-02T13:53:52.806Z,3.3900001049,13.94
6,2017-11-02T13:53:53.806Z,3.42000007629,13.89
6,2017-11-02T13:53:55.906Z,2.96000003815,13.2
6,2017-11-02T13:53:56.906Z,2.96000003815,12.51
6,2017-11-02T13:53:58.006Z,2.93000006676,11.82
6,2017-11-02T13:53:59.006Z,2.93000006676,11.13
6,2017-11-02T13:54:00.106Z,7.11000013351,10.67
6,2017-11-02T13:54:01.106Z,7.11000013351,10.21
6,2017-11-02T13:54:02.106Z,9.72999954224,9.84
6,2017-11-02T13:54:03.206Z,9.72999954224,9.31
6,2017-11-02T13:54:04.206Z,21.5599994659,9.17
6,2017-11-02T13:54:05.206Z,21.5599994659,9.68
6,2017-11-02T13:54:06.306Z,20.9899997711,10.17
6,2017-11-02T13:54:07.306Z,20.9899997711,10.66
6,2017-11-02T13:54:08.406Z,21.8999996185,11.17
6,2017-11-02T13:54:09.406Z,21.8999996185,11.17
6,2017-11-02T13:54:10.506Z,26.5100002289,11.32
6,2017-11-02T13:54:11.506Z,26.5100002289,11.51
6,2017-11-02T13:54:12.506Z,33.0400009155,11.91
6,2017-11-02T13:54:13.606Z,33.0400009155,12.19
6,2017-11-02T13:54:14.606Z,23.5400009155,12.16
6,2017-11-02T13:54:15.706Z,23.5400009155,12.78
6,2017-11-02T13:54:16.706Z,23.9300003052,13.42
6,2017-11-02T13:54:17.606Z,23.9300003052,13.81
6,2017-11-02T13:54:18.306Z,23.9300003052,14.2
6,2017-11-02T13:54:19.206Z,23.9300003052,14.85
6,2017-11-02T13:54:19.306Z,4.63999986649,14.88
6,2017-11-02T13:54:20.406Z,4.63999986649,14.92
6,2017-11-02T13:54:21.406Z,9.17000007629,15.1
6,2017-11-02T13:54:21.506Z,9.17000007629,15.29
6,2017-11-02T13:54:21.706Z,9.17000007629,15.48
6,2017-11-02T13:54:22.706Z,9.17000007629,15.67
6,2017-11-02T13:54:23.606Z,5.11000013351,15.72
6,2017-11-02T13:54:23.706Z,5.11000013351,15.79
6,2017-11-02T13:54:24.706Z,5.11000013351,15.86
6,2017-11-02T13:54:25.706Z,5.69000005722,15.95
6,2017-11-02T13:54:26.806Z,5.69000005722,16.04
6,2017-11-02T13:54:27.806Z,6.80000019073,16.03
6,2017-11-02T13:54:28.906Z,6.80000019073,16.02
6,2017-11-02T13:54:29.906Z,6.65000009537,15.92
6,2017-11-02T13:54:31.006Z,6.65000009537,15.82
6,2017-11-02T13:54:32.006Z,3.6400001049,15.24
6,2017-11-02T13:54:33.006Z,3.6400001049,14.66
6,2017-11-02T13:54:33.106Z,3.6400001049,14.1
6,2017-11-02T13:54:34.006Z,3.6400001049,13.54
6,2017-11-02T13:54:34.106Z,3.57999992371,12.95
6,2017-11-02T13:54:36.106Z,3.6099998951,12.36
6,2017-11-02T13:54:36.206Z,3.6099998951,11.62
6,2017-11-02T13:54:37.206Z,3.6099998951,10.88
6,2017-11-02T13:54:38.206Z,3.51999998093,9.93
6,2017-11-02T13:54:38.306Z,3.51999998093,8.98
6,2017-11-02T13:54:40.306Z,3.54999995232,8.34
6,2017-11-02T13:54:40.406Z,3.54999995232,7.69
6,2017-11-02T13:54:41.406Z,3.54999995232,7.03
6,2017-11-02T13:54:42.406Z,3.67000007629,6.38
6,2017-11-02T13:54:43.406Z,3.67000007629,5.73
6,2017-11-02T13:54:43.506Z,3.67000007629,5.07
6,2017-11-02T13:54:44.406Z,3.67000007629,5.04
6,2017-11-02T13:54:44.506Z,3.75999999046,5.01
6,2017-11-02T13:54:45.506Z,3.75999999046,4.84
6,2017-11-02T13:54:46.506Z,3.75999999046,4.66
6,2017-11-02T13:54:46.606Z,3.75999999046,4.49
6,2017-11-02T13:54:47.606Z,3.75999999046,4.31
6,2017-11-02T13:54:48.606Z,3.6099998951,4.27
6,2017-11-02T13:54:48.706Z,3.6099998951,4.22
6,2017-11-02T13:54:50.706Z,2.57999992371,4.14
6,2017-11-02T13:54:51.806Z,2.57999992371,4.04
6,2017-11-02T13:54:52.806Z,2.54999995232,3.93
6,2017-11-02T13:54:53.806Z,2.54999995232,3.8
6,2017-11-02T13:54:53.906Z,2.54999995232,3.66
6,2017-11-02T13:54:54.806Z,2.54999995232,3.53
6,2017-11-02T13:54:54.906Z,5.23999977112,3.48
6,2017-11-02T13:54:55.906Z,5.23999977112,3.53
6,2017-11-02T13:54:56.906Z,23.5400009155,4.18
6,2017-11-02T13:54:57.006Z,23.5400009155,4.82
6,2017-11-02T13:54:58.006Z,23.5400009155,5.46
6,2017-11-02T13:54:58.106Z,23.5400009155,6.1
6,2017-11-02T13:54:59.106Z,29.4200000763,6.94
6,2017-11-02T13:54:59.206Z,29.4200000763,7.77
6,2017-11-02T13:55:00.306Z,29.4200000763,8.6
6,2017-11-02T13:55:01.206Z,29.4200000763,9.44
6,2017-11-02T13:55:01.306Z,21.2199993134,10.01
6,2017-11-02T13:55:02.406Z,21.2199993134,10.58
6,2017-11-02T13:55:03.406Z,23.7999992371,11.23
6,2017-11-02T13:55:03.506Z,23.7999992371,11.88
