session_id,ts,ltft_b1_pct,ltft_30s
3,2018-03-26T18:06:33.719Z,,
3,2018-03-26T18:06:34.079Z,,
3,2018-03-26T18:06:35.009Z,,
3,2018-03-26T18:06:36.059Z,,
3,2018-03-26T18:06:37.079Z,,
3,2018-03-26T18:06:38.039Z,,
3,2018-03-26T18:06:39.059Z,,
3,2018-03-26T18:06:40.079Z,,
3,2018-03-26T18:06:41.009Z,,
3,2018-03-26T18:06:42.029Z,,
3,2018-03-26T18:06:43.050Z,,
3,2018-03-26T18:06:44.040Z,,
3,2018-03-26T18:06:45.090Z,,
3,2018-03-26T18:06:46.050Z,,
3,2018-03-26T18:06:47.069Z,,
3,2018-03-26T18:06:48.059Z,,
3,2018-03-26T18:06:49.019Z,,
3,2018-03-26T18:06:50.069Z,,
3,2018-03-26T18:06:51.090Z,,
3,2018-03-26T18:06:52.050Z,,
3,2018-03-26T18:06:53.069Z,,
3,2018-03-26T18:06:54.030Z,,
3,2018-03-26T18:06:55.079Z,,
3,2018-03-26T18:06:56.040Z,,
3,2018-03-26T18:06:57.029Z,,
3,2018-03-26T18:06:58.079Z,,
3,2018-03-26T18:06:59.040Z,,
3,2018-03-26T18:07:00.059Z,,
3,2018-03-26T18:07:01.079Z,,
3,2018-03-26T18:07:02.040Z,,
3,2018-03-26T18:07:03.029Z,,
3,2018-03-26T18:07:04.079Z,,
3,2018-03-26T18:07:05.069Z,,
3,2018-03-26T18:07:06.060Z,,
3,2018-03-26T18:07:07.049Z,,
3,2018-03-26T18:07:08.100Z,,
3,2018-03-26T18:07:09.000Z,,
3,2018-03-26T18:07:10.050Z,,
3,2018-03-26T18:07:11.100Z,,
3,2018-03-26T18:07:12.000Z,,
3,2018-03-26T18:07:13.049Z,,
3,2018-03-26T18:07:14.099Z,,
3,2018-03-26T18:07:15.149Z,,
3,2018-03-26T18:07:16.049Z,,
3,2018-03-26T18:07:17.039Z,,
3,2018-03-26T18:07:18.029Z,,
3,2018-03-26T18:07:19.139Z,,
3,2018-03-26T18:07:20.039Z,,
3,2018-03-26T18:07:21.030Z,,
3,2018-03-26T18:07:22.019Z,,
3,2018-03-26T18:07:23.069Z,,
3,2018-03-26T18:07:24.030Z,,
3,2018-03-26T18:07:25.018Z,,
3,2018-03-26T18:07:26.069Z,,
3,2018-03-26T18:07:27.089Z,,
3,2018-03-26T18:07:28.018Z,,
3,2018-03-26T18:07:29.039Z,,
3,2018-03-26T18:07:30.059Z,,
3,2018-03-26T18:07:31.019Z,,
3,2018-03-26T18:07:32.038Z,,
3,2018-03-26T18:07:33.059Z,,
3,2018-03-26T18:07:34.020Z,,
3,2018-03-26T18:07:35.008Z,,
3,2018-03-26T18:07:36.059Z,,
3,2018-03-26T18:07:37.019Z,,
3,2018-03-26T18:07:38.039Z,,
3,2018-03-26T18:07:39.059Z,,
3,2018-03-26T18:07:40.079Z,,
3,2018-03-26T18:07:41.009Z,,
3,2018-03-26T18:07:42.059Z,,
3,2018-03-26T18:07:43.019Z,,
3,2018-03-26T18:07:44.010Z,,
3,2018-03-26T18:07:45.059Z,,
3,2018-03-26T18:07:46.020Z,,
3,2018-03-26T18:07:47.009Z,,
3,2018-03-26T18:07:48.059Z,,
3,2018-03-26T18:07:49.020Z,,
3,2018-03-26T18:07:50.010Z,,
3,2018-03-26T18:07:51.059Z,,
3,2018-03-26T18:07:52.020Z,,
3,2018-03-26T18:07:53.008Z,,
3,2018-03-26T18:07:54.059Z,,
3,2018-03-26T18:07:55.020Z,,
3,2018-03-26T18:07:56.010Z,,
3,2018-03-26T18:07:57.060Z,,
3,2018-03-26T18:07:58.048Z,,
3,2018-03-26T18:07:59.009Z,,
3,2018-03-26T18:08:00.060Z,,
3,2018-03-26T18:08:01.050Z,,
3,2018-03-26T18:08:02.009Z,,
3,2018-03-26T18:08:03.060Z,,
3,2018-03-26T18:08:04.018Z,,
3,2018-03-26T18:08:05.069Z,,
3,2018-03-26T18:08:06.058Z,,
3,2018-03-26T18:08:07.049Z,,
3,2018-03-26T18:08:08.039Z,,
3,2018-03-26T18:08:09.028Z,,
3,2018-03-26T18:08:10.018Z,,
3,2018-03-26T18:08:11.009Z,,
3,2018-03-26T18:08:12.088Z,,
3,2018-03-26T18:08:13.079Z,,
3,2018-03-26T18:08:14.008Z,,
3,2018-03-26T18:08:15.028Z,,
3,2018-03-26T18:08:16.049Z,,
3,2018-03-26T18:08:17.039Z,,
3,2018-03-26T18:08:18.030Z,,
3,2018-03-26T18:08:19.018Z,,
3,2018-03-26T18:08:20.009Z,,
3,2018-03-26T18:08:21.088Z,,
3,2018-03-26T18:08:22.109Z,,
3,2018-03-26T18:08:23.008Z,,
3,2018-03-26T18:08:24.088Z,,
3,2018-03-26T18:08:25.078Z,,
3,2018-03-26T18:08:26.068Z,,
3,2018-03-26T18:08:27.088Z,,
3,2018-03-26T18:08:28.079Z,,
3,2018-03-26T18:08:29.070Z,,
3,2018-03-26T18:08:30.059Z,,
3,2018-03-26T18:08:31.048Z,,
3,2018-03-26T18:08:32.038Z,,
3,2018-03-26T18:08:33.028Z,,
3,2018-03-26T18:08:34.018Z,,
3,2018-03-26T18:08:35.008Z,,
3,2018-03-26T18:08:36.058Z,,
3,2018-03-26T18:08:37.048Z,,
3,2018-03-26T18:08:38.038Z,,
3,2018-03-26T18:08:39.028Z,,
3,2018-03-26T18:08:40.019Z,,
3,2018-03-26T18:08:41.008Z,,
3,2018-03-26T18:08:42.088Z,,
3,2018-03-26T18:08:43.078Z,,
3,2018-03-26T18:08:44.008Z,,
3,2018-03-26T18:08:45.059Z,,
3,2018-03-26T18:08:46.048Z,,
3,2018-03-26T18:08:47.008Z,,
3,2018-03-26T18:08:48.088Z,,
3,2018-03-26T18:08:49.048Z,,
3,2018-03-26T18:08:50.038Z,,
3,2018-03-26T18:08:51.088Z,,
3,2018-03-26T18:08:52.079Z,,
3,2018-03-26T18:08:53.038Z,,
3,2018-03-26T18:08:54.029Z,,
3,2018-03-26T18:08:55.049Z,,
3,2018-03-26T18:08:56.038Z,,
3,2018-03-26T18:08:57.000Z,,
3,2018-03-26T18:08:58.018Z,,
3,2018-03-26T18:08:59.069Z,,
3,2018-03-26T18:09:00.059Z,,
3,2018-03-26T18:09:01.048Z,,
3,2018-03-26T18:09:02.009Z,,
3,2018-03-26T18:09:03.058Z,,
3,2018-03-26T18:09:04.048Z,,
3,2018-03-26T18:09:05.039Z,,
3,2018-03-26T18:09:06.088Z,,
3,2018-03-26T18:09:07.078Z,,
3,2018-03-26T18:09:08.038Z,,
3,2018-03-26T18:09:09.028Z,,
3,2018-03-26T18:09:10.048Z,,
3,2018-03-26T18:09:11.040Z,,
3,2018-03-26T18:09:12.029Z,,
3,2018-03-26T18:09:13.078Z,,
3,2018-03-26T18:09:14.038Z,,
3,2018-03-26T18:09:15.029Z,,
3,2018-03-26T18:09:16.078Z,,
3,2018-03-26T18:09:17.008Z,,
3,2018-03-26T18:09:18.029Z,,
3,2018-03-26T18:09:19.078Z,,
3,2018-03-26T18:09:20.068Z,,
3,2018-03-26T18:09:21.028Z,,
3,2018-03-26T18:09:22.048Z,,
3,2018-03-26T18:09:23.069Z,,
3,2018-03-26T18:09:24.029Z,,
3,2018-03-26T18:09:25.079Z,,
3,2018-03-26T18:09:26.039Z,,
3,2018-03-26T18:09:27.028Z,,
3,2018-03-26T18:09:28.048Z,,
3,2018-03-26T18:09:29.069Z,,
3,2018-03-26T18:09:30.088Z,,
3,2018-03-26T18:09:31.018Z,,
3,2018-03-26T18:09:32.068Z,,
3,2018-03-26T18:09:33.088Z,,
3,2018-03-26T18:09:34.018Z,,
3,2018-03-26T18:09:35.069Z,,
3,2018-03-26T18:09:36.030Z,,
3,2018-03-26T18:09:37.078Z,,
3,2018-03-26T18:09:38.068Z,,
3,2018-03-26T18:09:39.088Z,,
3,2018-03-26T18:09:40.018Z,,
3,2018-03-26T18:09:41.068Z,,
3,2018-03-26T18:09:42.030Z,,
3,2018-03-26T18:09:43.018Z,,
3,2018-03-26T18:09:44.068Z,,
3,2018-03-26T18:09:45.059Z,,
3,2018-03-26T18:09:46.018Z,,
3,2018-03-26T18:09:47.068Z,,
3,2018-03-26T18:09:48.089Z,,
3,2018-03-26T18:09:49.018Z,,
3,2018-03-26T18:09:50.068Z,,
3,2018-03-26T18:09:51.030Z,,
3,2018-03-26T18:09:52.018Z,,
3,2018-03-26T18:09:53.069Z,,
3,2018-03-26T18:09:54.030Z,,
3,2018-03-26T18:09:55.018Z,,
3,2018-03-26T18:09:56.068Z,,
3,2018-03-26T18:09:57.058Z,,
3,2018-03-26T18:09:58.048Z,,
3,2018-03-26T18:09:59.038Z,,
3,2018-03-26T18:10:00.059Z,,
3,2018-03-26T18:10:01.048Z,,
3,2018-03-26T18:10:02.038Z,,
3,2018-03-26T18:10:03.028Z,,
3,2018-03-26T18:10:04.018Z,,
3,2018-03-26T18:10:05.008Z,,
3,2018-03-26T18:10:06.088Z,,
3,2018-03-26T18:10:07.078Z,,
3,2018-03-26T18:10:08.008Z,,
3,2018-03-26T18:10:09.028Z,,
3,2018-03-26T18:10:10.048Z,,
3,2018-03-26T18:10:11.008Z,,
3,2018-03-26T18:10:12.088Z,,
3,2018-03-26T18:10:13.078Z,,
3,2018-03-26T18:10:14.008Z,,
3,2018-03-26T18:10:15.028Z,,
3,2018-03-26T18:10:16.048Z,,
3,2018-03-26T18:10:17.068Z,,
3,2018-03-26T18:10:18.029Z,,
3,2018-03-26T18:10:19.018Z,,
3,2018-03-26T18:10:20.008Z,,
3,2018-03-26T18:10:21.088Z,,
3,2018-03-26T18:10:22.079Z,,
3,2018-03-26T18:10:23.069Z,,
3,2018-03-26T18:10:24.059Z,,
3,2018-03-26T18:10:25.048Z,,
3,2018-03-26T18:10:26.038Z,,
3,2018-03-26T18:10:27.088Z,,
3,2018-03-26T18:10:28.078Z,,
3,2018-03-26T18:10:29.069Z,,
3,2018-03-26T18:10:30.058Z,,
3,2018-03-26T18:10:31.048Z,,
3,2018-03-26T18:10:32.038Z,,
4,2017-08-15T09:30:00.000Z,-3.90625,-3.91
4,2017-08-15T09:30:01.000Z,-3.90625,-3.91
4,2017-08-15T09:30:02.000Z,-3.90625,-3.91
4,2017-08-15T09:30:03.000Z,-3.90625,-3.91
4,2017-08-15T09:30:04.000Z,-3.90625,-3.91
4,2017-08-15T09:30:05.000Z,-3.90625,-3.91
4,2017-08-15T09:30:06.000Z,-3.90625,-3.91
4,2017-08-15T09:30:07.000Z,-3.90625,-3.91
4,2017-08-15T09:30:08.000Z,-3.90625,-3.91
4,2017-08-15T09:30:09.000Z,-3.90625,-3.91
4,2017-08-15T09:30:10.000Z,-3.90625,-3.91
4,2017-08-15T09:30:11.000Z,-3.90625,-3.91
4,2017-08-15T09:30:12.000Z,-3.90625,-3.91
4,2017-08-15T09:30:13.000Z,-3.90625,-3.91
4,2017-08-15T09:30:14.000Z,-3.90625,-3.91
4,2017-08-15T09:30:15.000Z,-3.90625,-3.91
4,2017-08-15T09:30:16.000Z,-3.90625,-3.91
4,2017-08-15T09:30:17.000Z,-3.90625,-3.91
4,2017-08-15T09:30:18.000Z,-3.90625,-3.91
4,2017-08-15T09:30:19.000Z,-3.90625,-3.91
4,2017-08-15T09:30:20.000Z,-3.90625,-3.91
4,2017-08-15T09:30:21.000Z,-3.90625,-3.91
4,2017-08-15T09:30:22.000Z,-3.90625,-3.91
4,2017-08-15T09:30:23.000Z,-3.90625,-3.91
4,2017-08-15T09:30:24.000Z,-3.90625,-3.91
4,2017-08-15T09:30:25.000Z,-3.90625,-3.91
4,2017-08-15T09:30:26.000Z,-3.90625,-3.91
4,2017-08-15T09:30:27.000Z,-3.90625,-3.91
4,2017-08-15T09:30:28.000Z,-3.90625,-3.91
4,2017-08-15T09:30:29.000Z,-3.90625,-3.91
4,2017-08-15T09:30:30.000Z,-3.90625,-3.91
4,2017-08-15T09:30:31.000Z,-3.90625,-3.91
4,2017-08-15T09:30:32.000Z,-3.90625,-3.91
4,2017-08-15T09:30:33.000Z,-3.90625,-3.91
4,2017-08-15T09:30:34.000Z,-3.90625,-3.91
4,2017-08-15T09:30:35.000Z,-3.90625,-3.91
4,2017-08-15T09:30:36.000Z,-3.90625,-3.91
4,2017-08-15T09:30:37.000Z,-3.90625,-3.91
4,2017-08-15T09:30:38.000Z,-3.90625,-3.91
4,2017-08-15T09:30:39.000Z,-3.90625,-3.91
4,2017-08-15T09:30:40.000Z,-3.90625,-3.91
4,2017-08-15T09:30:41.000Z,-3.90625,-3.91
4,2017-08-15T09:30:42.000Z,-3.90625,-3.91
4,2017-08-15T09:30:43.000Z,-3.90625,-3.91
4,2017-08-15T09:30:44.000Z,-3.90625,-3.91
4,2017-08-15T09:30:45.000Z,-3.90625,-3.91
4,2017-08-15T09:30:46.000Z,-3.90625,-3.91
4,2017-08-15T09:30:47.000Z,-3.90625,-3.91
4,2017-08-15T09:30:48.000Z,-3.90625,-3.91
4,2017-08-15T09:30:49.000Z,-3.90625,-3.91
4,2017-08-15T09:30:50.000Z,-3.90625,-3.91
4,2017-08-15T09:30:51.000Z,-3.90625,-3.91
4,2017-08-15T09:30:52.000Z,-3.90625,-3.91
4,2017-08-15T09:30:53.000Z,-3.90625,-3.91
4,2017-08-15T09:30:54.000Z,-3.90625,-3.91
4,2017-08-15T09:30:55.000Z,-3.90625,-3.91
4,2017-08-15T09:30:56.000Z,-3.90625,-3.91
4,2017-08-15T09:30:57.000Z,-3.90625,-3.91
4,2017-08-15T09:30:58.000Z,-3.90625,-3.91
4,2017-08-15T09:30:59.000Z,-3.90625,-3.91
4,2017-08-15T09:31:00.000Z,-3.90625,-3.91
4,2017-08-15T09:31:01.000Z,-3.90625,-3.91
4,2017-08-15T09:31:02.000Z,-3.90625,-3.91
4,2017-08-15T09:31:03.000Z,-3.90625,-3.91
4,2017-08-15T09:31:04.000Z,-3.90625,-3.91
4,2017-08-15T09:31:05.000Z,-3.90625,-3.91
4,2017-08-15T09:31:06.000Z,-3.90625,-3.91
4,2017-08-15T09:31:07.000Z,-3.90625,-3.91
4,2017-08-15T09:31:08.000Z,-3.90625,-3.91
4,2017-08-15T09:31:09.000Z,-3.90625,-3.91
4,2017-08-15T09:31:10.000Z,-3.90625,-3.91
4,2017-08-15T09:31:11.000Z,-3.90625,-3.91
4,2017-08-15T09:31:12.000Z,-3.90625,-3.91
4,2017-08-15T09:31:13.000Z,-3.90625,-3.91
4,2017-08-15T09:31:14.000Z,-3.90625,-3.91
4,2017-08-15T09:31:15.000Z,-3.90625,-3.91
4,2017-08-15T09:31:16.000Z,-3.90625,-3.91
4,2017-08-15T09:31:17.000Z,-3.90625,-3.91
4,2017-08-15T09:31:18.000Z,-3.90625,-3.91
4,2017-08-15T09:31:19.000Z,-3.90625,-3.91
4,2017-08-15T09:31:20.000Z,-3.90625,-3.91
4,2017-08-15T09:31:21.000Z,-3.90625,-3.91
4,2017-08-15T09:31:22.000Z,-3.90625,-3.91
4,2017-08-15T09:31:23.000Z,-3.90625,-3.91
4,2017-08-15T09:31:24.000Z,-3.90625,-3.91
4,2017-08-15T09:31:25.000Z,-3.90625,-3.91
4,2017-08-15T09:31:26.000Z,-3.90625,-3.91
4,2017-08-15T09:31:27.000Z,-3.90625,-3.91
4,2017-08-15T09:31:28.000Z,-3.90625,-3.91
4,2017-08-15T09:31:29.000Z,-3.90625,-3.91
4,2017-08-15T09:31:30.000Z,-3.90625,-3.91
4,2017-08-15T09:31:31.000Z,-3.90625,-3.91
4,2017-08-15T09:31:32.000Z,-3.90625,-3.91
4,2017-08-15T09:31:33.000Z,-3.90625,-3.91
4,2017-08-15T09:31:34.000Z,-3.90625,-3.91
4,2017-08-15T09:31:35.000Z,-3.90625,-3.91
4,2017-08-15T09:31:36.000Z,-3.90625,-3.91
4,2017-08-15T09:31:37.000Z,-3.90625,-3.91
4,2017-08-15T09:31:38.000Z,-3.90625,-3.91
4,2017-08-15T09:31:39.000Z,-3.90625,-3.91
4,2017-08-15T09:31:40.000Z,-3.90625,-3.91
4,2017-08-15T09:31:41.000Z,-3.90625,-3.91
4,2017-08-15T09:31:42.000Z,-3.90625,-3.91
4,2017-08-15T09:31:43.000Z,-3.90625,-3.91
4,2017-08-15T09:31:44.000Z,-3.90625,-3.91
4,2017-08-15T09:31:45.000Z,-3.90625,-3.91
4,2017-08-15T09:31:46.000Z,-3.90625,-3.91
4,2017-08-15T09:31:47.000Z,-3.90625,-3.91
4,2017-08-15T09:31:48.000Z,-3.90625,-3.91
4,2017-08-15T09:31:49.000Z,-3.90625,-3.91
4,2017-08-15T09:31:50.000Z,-3.90625,-3.91
4,2017-08-15T09:31:51.000Z,-3.90625,-3.91
4,2017-08-15T09:31:52.000Z,-3.90625,-3.91
4,2017-08-15T09:31:53.000Z,-3.90625,-3.91
4,2017-08-15T09:31:54.000Z,-3.90625,-3.91
4,2017-08-15T09:31:55.000Z,-3.90625,-3.91
4,2017-08-15T09:31:56.000Z,-3.90625,-3.91
4,2017-08-15T09:31:57.000Z,-3.90625,-3.91
4,2017-08-15T09:31:58.000Z,-3.90625,-3.91
4,2017-08-15T09:31:59.000Z,-3.90625,-3.91
4,2017-08-15T09:32:00.000Z,-3.90625,-3.91
4,2017-08-15T09:32:01.000Z,-3.90625,-3.91
4,2017-08-15T09:32:02.000Z,-3.90625,-3.91
4,2017-08-15T09:32:03.000Z,-3.90625,-3.91
4,2017-08-15T09:32:04.000Z,-3.90625,-3.91
4,2017-08-15T09:32:05.000Z,-3.90625,-3.91
4,2017-08-15T09:32:06.000Z,-3.90625,-3.91
4,2017-08-15T09:32:07.000Z,-3.90625,-3.91
4,2017-08-15T09:32:08.000Z,-3.90625,-3.91
4,2017-08-15T09:32:09.000Z,-3.90625,-3.91
4,2017-08-15T09:32:10.000Z,-3.90625,-3.91
4,2017-08-15T09:32:11.000Z,-3.90625,-3.91
4,2017-08-15T09:32:12.000Z,-3.90625,-3.91
4,2017-08-15T09:32:13.000Z,-3.90625,-3.91
4,2017-08-15T09:32:14.000Z,-3.90625,-3.91
4,2017-08-15T09:32:15.000Z,-3.90625,-3.91
4,2017-08-15T09:32:16.000Z,-3.90625,-3.91
4,2017-08-15T09:32:17.000Z,-3.90625,-3.91
4,2017-08-15T09:32:18.000Z,-3.90625,-3.91
4,2017-08-15T09:32:19.000Z,-3.90625,-3.91
4,2017-08-15T09:32:20.000Z,-3.90625,-3.91
4,2017-08-15T09:32:21.000Z,-3.90625,-3.91
4,2017-08-15T09:32:22.000Z,-3.90625,-3.91
4,2017-08-15T09:32:23.000Z,-3.90625,-3.91
4,2017-08-15T09:32:24.000Z,-3.90625,-3.91
4,2017-08-15T09:32:25.000Z,-3.90625,-3.91
4,2017-08-15T09:32:26.000Z,-3.90625,-3.91
4,2017-08-15T09:32:27.000Z,-3.90625,-3.91
4,2017-08-15T09:32:28.000Z,-3.90625,-3.91
4,2017-08-15T09:32:29.000Z,-3.90625,-3.91
4,2017-08-15T09:32:30.000Z,-3.90625,-3.91
4,2017-08-15T09:32:31.000Z,-3.90625,-3.91
4,2017-08-15T09:32:32.000Z,-3.90625,-3.91
4,2017-08-15T09:32:33.000Z,-3.90625,-3.91
4,2017-08-15T09:32:34.000Z,-3.90625,-3.91
4,2017-08-15T09:32:35.000Z,-3.90625,-3.91
4,2017-08-15T09:32:36.000Z,-3.90625,-3.91
4,2017-08-15T09:32:37.000Z,-3.90625,-3.91
4,2017-08-15T09:32:38.000Z,-3.90625,-3.91
4,2017-08-15T09:32:39.000Z,-3.90625,-3.91
4,2017-08-15T09:32:40.000Z,-3.90625,-3.91
4,2017-08-15T09:32:41.000Z,-3.90625,-3.91
4,2017-08-15T09:32:42.000Z,-3.90625,-3.91
4,2017-08-15T09:32:43.000Z,-3.90625,-3.91
4,2017-08-15T09:32:44.000Z,-3.90625,-3.91
4,2017-08-15T09:32:45.000Z,-3.90625,-3.91
4,2017-08-15T09:32:46.000Z,-3.90625,-3.91
4,2017-08-15T09:32:47.000Z,-3.90625,-3.91
4,2017-08-15T09:32:48.000Z,-3.90625,-3.91
4,2017-08-15T09:32:49.000Z,-3.90625,-3.91
4,2017-08-15T09:32:50.000Z,-3.90625,-3.91
4,2017-08-15T09:32:51.000Z,-3.90625,-3.91
4,2017-08-15T09:32:52.000Z,-3.90625,-3.91
4,2017-08-15T09:32:53.000Z,-3.90625,-3.91
4,2017-08-15T09:32:54.000Z,-3.90625,-3.91
4,2017-08-15T09:32:55.000Z,-3.90625,-3.91
4,2017-08-15T09:32:56.000Z,-3.90625,-3.91
4,2017-08-15T09:32:57.000Z,-3.90625,-3.91
4,2017-08-15T09:32:58.000Z,-3.90625,-3.91
4,2017-08-15T09:32:59.000Z,-3.90625,-3.91
4,2017-08-15T09:33:00.000Z,-3.90625,-3.91
4,2017-08-15T09:33:01.000Z,-3.90625,-3.91
4,2017-08-15T09:33:02.000Z,-3.90625,-3.91
4,2017-08-15T09:33:03.000Z,-3.90625,-3.91
4,2017-08-15T09:33:04.000Z,-3.90625,-3.91
4,2017-08-15T09:33:05.000Z,-3.90625,-3.91
4,2017-08-15T09:33:06.000Z,-3.90625,-3.91
4,2017-08-15T09:33:07.000Z,-1.5625,-3.83
4,2017-08-15T09:33:08.000Z,-1.5625,-3.76
4,2017-08-15T09:33:09.000Z,-1.5625,-3.68
4,2017-08-15T09:33:10.000Z,-1.5625,-3.6
4,2017-08-15T09:33:11.000Z,0.78125,-3.45
4,2017-08-15T09:33:12.000Z,0.78125,-3.3
4,2017-08-15T09:33:13.000Z,0.78125,-3.15
4,2017-08-15T09:33:14.000Z,-2.34375,-3.1
4,2017-08-15T09:33:15.000Z,-2.34375,-3.05
4,2017-08-15T09:33:16.000Z,-2.34375,-3.0
4,2017-08-15T09:33:17.000Z,-2.34375,-2.95
4,2017-08-15T09:33:18.000Z,-2.34375,-2.9
4,2017-08-15T09:33:19.000Z,-2.34375,-2.85
4,2017-08-15T09:33:20.000Z,-2.34375,-2.8
4,2017-08-15T09:33:21.000Z,-2.34375,-2.75
4,2017-08-15T09:33:22.000Z,-1.5625,-2.67
4,2017-08-15T09:33:23.000Z,-1.5625,-2.6
4,2017-08-15T09:33:24.000Z,-1.5625,-2.52
4,2017-08-15T09:33:25.000Z,1.5625,-2.34
4,2017-08-15T09:33:26.000Z,1.5625,-2.17
4,2017-08-15T09:33:27.000Z,1.5625,-1.99
4,2017-08-15T09:33:28.000Z,1.5625,-1.81
4,2017-08-15T09:33:29.000Z,0.78125,-1.66
4,2017-08-15T09:33:30.000Z,0.78125,-1.51
4,2017-08-15T09:33:31.000Z,0.78125,-1.36
4,2017-08-15T09:33:32.000Z,0.78125,-1.21
4,2017-08-15T09:33:33.000Z,0.0,-1.08
4,2017-08-15T09:33:34.000Z,0.0,-0.96
4,2017-08-15T09:33:35.000Z,0.0,-0.83
4,2017-08-15T09:33:36.000Z,-0.78125,-0.73
4,2017-08-15T09:33:37.000Z,-0.78125,-0.63
4,2017-08-15T09:33:38.000Z,-0.78125,-0.6
4,2017-08-15T09:33:39.000Z,-0.78125,-0.58
4,2017-08-15T09:33:40.000Z,-0.78125,-0.55
4,2017-08-15T09:33:41.000Z,-0.78125,-0.53
4,2017-08-15T09:33:42.000Z,-0.78125,-0.58
4,2017-08-15T09:33:43.000Z,-0.78125,-0.63
4,2017-08-15T09:33:44.000Z,-3.90625,-0.78
4,2017-08-15T09:33:45.000Z,-3.90625,-0.83
4,2017-08-15T09:33:46.000Z,-3.90625,-0.88
4,2017-08-15T09:33:47.000Z,-0.78125,-0.83
4,2017-08-15T09:33:48.000Z,-0.78125,-0.78
4,2017-08-15T09:33:49.000Z,-0.78125,-0.73
4,2017-08-15T09:33:50.000Z,-0.78125,-0.68
4,2017-08-15T09:33:51.000Z,-0.78125,-0.63
4,2017-08-15T09:33:52.000Z,-0.78125,-0.58
4,2017-08-15T09:33:53.000Z,-0.78125,-0.55
4,2017-08-15T09:33:54.000Z,-0.78125,-0.53
4,2017-08-15T09:33:55.000Z,-3.90625,-0.6
4,2017-08-15T09:33:56.000Z,-3.90625,-0.78
4,2017-08-15T09:33:57.000Z,-3.90625,-0.96
4,2017-08-15T09:33:58.000Z,-3.90625,-1.13
4,2017-08-15T09:33:59.000Z,-3.90625,-1.31
5,2018-06-01T10:00:00.000Z,,
5,2018-06-01T10:00:01.000Z,,
5,2018-06-01T10:00:02.000Z,,
5,2018-06-01T10:00:03.000Z,,
5,2018-06-01T10:00:04.000Z,,
5,2018-06-01T10:00:05.000Z,,
5,2018-06-01T10:00:06.000Z,,
5,2018-06-01T10:00:07.000Z,,
5,2018-06-01T10:00:08.000Z,,
5,2018-06-01T10:00:09.000Z,,
5,2018-06-01T10:00:10.000Z,,
5,2018-06-01T10:00:11.000Z,,
5,2018-06-01T10:00:12.000Z,,
5,2018-06-01T10:00:13.000Z,,
5,2018-06-01T10:00:14.000Z,,
5,2018-06-01T10:00:15.000Z,,
5,2018-06-01T10:00:16.000Z,,
5,2018-06-01T10:00:17.000Z,,
5,2018-06-01T10:00:18.000Z,,
5,2018-06-01T10:00:19.000Z,,
5,2018-06-01T10:00:20.000Z,,
5,2018-06-01T10:00:21.000Z,,
5,2018-06-01T10:00:22.000Z,,
5,2018-06-01T10:00:23.000Z,,
5,2018-06-01T10:00:24.000Z,,
5,2018-06-01T10:00:25.000Z,,
5,2018-06-01T10:00:26.000Z,,
5,2018-06-01T10:00:27.000Z,,
5,2018-06-01T10:00:28.000Z,,
5,2018-06-01T10:00:29.000Z,,
5,2018-06-01T10:00:30.000Z,,
5,2018-06-01T10:00:31.000Z,,
5,2018-06-01T10:00:32.000Z,,
5,2018-06-01T10:00:33.000Z,,
5,2018-06-01T10:00:34.000Z,,
5,2018-06-01T10:00:35.000Z,,
5,2018-06-01T10:00:36.000Z,,
5,2018-06-01T10:00:37.000Z,,
5,2018-06-01T10:00:38.000Z,,
5,2018-06-01T10:00:39.000Z,,
5,2018-06-01T10:00:40.000Z,,
5,2018-06-01T10:00:41.000Z,,
5,2018-06-01T10:00:42.000Z,,
5,2018-06-01T10:00:43.000Z,,
5,2018-06-01T10:00:44.000Z,,
5,2018-06-01T10:00:45.000Z,,
5,2018-06-01T10:00:46.000Z,,
5,2018-06-01T10:00:47.000Z,,
5,2018-06-01T10:00:48.000Z,,
5,2018-06-01T10:00:49.000Z,,
5,2018-06-01T10:00:50.000Z,,
5,2018-06-01T10:00:51.000Z,,
5,2018-06-01T10:00:52.000Z,,
5,2018-06-01T10:00:53.000Z,,
5,2018-06-01T10:00:54.000Z,,
5,2018-06-01T10:00:55.000Z,,
5,2018-06-01T10:00:56.000Z,,
5,2018-06-01T10:00:57.000Z,,
5,2018-06-01T10:00:58.000Z,,
5,2018-06-01T10:00:59.000Z,,
5,2018-06-01T10:01:00.000Z,,
5,2018-06-01T10:01:01.000Z,,
5,2018-06-01T10:01:02.000Z,,
5,2018-06-01T10:01:03.000Z,,
5,2018-06-01T10:01:04.000Z,,
5,2018-06-01T10:01:05.000Z,,
5,2018-06-01T10:01:06.000Z,,
5,2018-06-01T10:01:07.000Z,,
5,2018-06-01T10:01:08.000Z,,
5,2018-06-01T10:01:09.000Z,,
5,2018-06-01T10:01:10.000Z,,
5,2018-06-01T10:01:11.000Z,,
5,2018-06-01T10:01:12.000Z,,
5,2018-06-01T10:01:13.000Z,,
5,2018-06-01T10:01:14.000Z,,
5,2018-06-01T10:01:15.000Z,,
5,2018-06-01T10:01:16.000Z,,
5,2018-06-01T10:01:17.000Z,,
5,2018-06-01T10:01:18.000Z,,
5,2018-06-01T10:01:19.000Z,,
5,2018-06-01T10:01:20.000Z,,
5,2018-06-01T10:01:21.000Z,,
5,2018-06-01T10:01:22.000Z,,
5,2018-06-01T10:01:23.000Z,,
5,2018-06-01T10:01:24.000Z,,
5,2018-06-01T10:01:25.000Z,,
5,2018-06-01T10:01:26.000Z,,
5,2018-06-01T10:01:27.000Z,,
5,2018-06-01T10:01:28.000Z,,
5,2018-06-01T10:01:29.000Z,,
5,2018-06-01T10:01:30.000Z,,
5,2018-06-01T10:01:31.000Z,,
5,2018-06-01T10:01:32.000Z,,
5,2018-06-01T10:01:33.000Z,,
5,2018-06-01T10:01:34.000Z,,
5,2018-06-01T10:01:35.000Z,,
5,2018-06-01T10:01:36.000Z,,
5,2018-06-01T10:01:37.000Z,,
5,2018-06-01T10:01:38.000Z,,
5,2018-06-01T10:01:39.000Z,,
5,2018-06-01T10:01:40.000Z,,
5,2018-06-01T10:01:41.000Z,,
5,2018-06-01T10:01:42.000Z,,
5,2018-06-01T10:01:43.000Z,,
5,2018-06-01T10:01:44.000Z,,
5,2018-06-01T10:01:45.000Z,,
5,2018-06-01T10:01:46.000Z,,
5,2018-06-01T10:01:47.000Z,,
5,2018-06-01T10:01:48.000Z,,
5,2018-06-01T10:01:49.000Z,,
5,2018-06-01T10:01:50.000Z,,
5,2018-06-01T10:01:51.000Z,,
5,2018-06-01T10:01:52.000Z,,
5,2018-06-01T10:01:53.000Z,,
5,2018-06-01T10:01:54.000Z,,
5,2018-06-01T10:01:55.000Z,,
5,2018-06-01T10:01:56.000Z,,
5,2018-06-01T10:01:57.000Z,,
5,2018-06-01T10:01:58.000Z,,
5,2018-06-01T10:01:59.000Z,,
5,2018-06-01T10:02:00.000Z,,
5,2018-06-01T10:02:01.000Z,,
5,2018-06-01T10:02:02.000Z,,
5,2018-06-01T10:02:03.000Z,,
5,2018-06-01T10:02:04.000Z,,
5,2018-06-01T10:02:05.000Z,,
5,2018-06-01T10:02:06.000Z,,
5,2018-06-01T10:02:07.000Z,,
5,2018-06-01T10:02:08.000Z,,
5,2018-06-01T10:02:09.000Z,,
5,2018-06-01T10:02:10.000Z,,
5,2018-06-01T10:02:11.000Z,,
5,2018-06-01T10:02:12.000Z,,
5,2018-06-01T10:02:13.000Z,,
5,2018-06-01T10:02:14.000Z,,
5,2018-06-01T10:02:15.000Z,,
5,2018-06-01T10:02:16.000Z,,
5,2018-06-01T10:02:17.000Z,,
5,2018-06-01T10:02:18.000Z,,
5,2018-06-01T10:02:19.000Z,,
5,2018-06-01T10:02:20.000Z,,
5,2018-06-01T10:02:21.000Z,,
5,2018-06-01T10:02:22.000Z,,
5,2018-06-01T10:02:23.000Z,,
5,2018-06-01T10:02:24.000Z,,
5,2018-06-01T10:02:25.000Z,,
5,2018-06-01T10:02:26.000Z,,
5,2018-06-01T10:02:27.000Z,,
5,2018-06-01T10:02:28.000Z,,
5,2018-06-01T10:02:29.000Z,,
5,2018-06-01T10:02:30.000Z,,
5,2018-06-01T10:02:31.000Z,,
5,2018-06-01T10:02:32.000Z,,
5,2018-06-01T10:02:33.000Z,,
5,2018-06-01T10:02:34.000Z,,
5,2018-06-01T10:02:35.000Z,,
5,2018-06-01T10:02:36.000Z,,
5,2018-06-01T10:02:37.000Z,,
5,2018-06-01T10:02:38.000Z,,
5,2018-06-01T10:02:39.000Z,,
5,2018-06-01T10:02:40.000Z,,
5,2018-06-01T10:02:41.000Z,,
5,2018-06-01T10:02:42.000Z,,
5,2018-06-01T10:02:43.000Z,,
5,2018-06-01T10:02:44.000Z,,
5,2018-06-01T10:02:45.000Z,,
5,2018-06-01T10:02:46.000Z,,
5,2018-06-01T10:02:47.000Z,,
5,2018-06-01T10:02:48.000Z,,
5,2018-06-01T10:02:49.000Z,,
5,2018-06-01T10:02:50.000Z,,
5,2018-06-01T10:02:51.000Z,,
5,2018-06-01T10:02:52.000Z,,
5,2018-06-01T10:02:53.000Z,,
5,2018-06-01T10:02:54.000Z,,
5,2018-06-01T10:02:55.000Z,,
5,2018-06-01T10:02:56.000Z,,
5,2018-06-01T10:02:57.000Z,,
5,2018-06-01T10:02:58.000Z,,
5,2018-06-01T10:02:59.000Z,,
5,2018-06-01T10:03:00.000Z,,
5,2018-06-01T10:03:01.000Z,,
5,2018-06-01T10:03:02.000Z,,
5,2018-06-01T10:03:03.000Z,,
5,2018-06-01T10:03:04.000Z,,
5,2018-06-01T10:03:05.000Z,,
5,2018-06-01T10:03:06.000Z,,
5,2018-06-01T10:03:07.000Z,,
5,2018-06-01T10:03:08.000Z,,
5,2018-06-01T10:03:09.000Z,,
5,2018-06-01T10:03:10.000Z,,
5,2018-06-01T10:03:11.000Z,,
5,2018-06-01T10:03:12.000Z,,
5,2018-06-01T10:03:13.000Z,,
5,2018-06-01T10:03:14.000Z,,
5,2018-06-01T10:03:15.000Z,,
5,2018-06-01T10:03:16.000Z,,
5,2018-06-01T10:03:17.000Z,,
5,2018-06-01T10:03:18.000Z,,
5,2018-06-01T10:03:19.000Z,,
5,2018-06-01T10:03:20.000Z,,
5,2018-06-01T10:03:21.000Z,,
5,2018-06-01T10:03:22.000Z,,
5,2018-06-01T10:03:23.000Z,,
5,2018-06-01T10:03:24.000Z,,
5,2018-06-01T10:03:25.000Z,,
5,2018-06-01T10:03:26.000Z,,
5,2018-06-01T10:03:27.000Z,,
5,2018-06-01T10:03:28.000Z,,
5,2018-06-01T10:03:29.000Z,,
5,2018-06-01T10:03:30.000Z,,
5,2018-06-01T10:03:31.000Z,,
5,2018-06-01T10:03:32.000Z,,
5,2018-06-01T10:03:33.000Z,,
5,2018-06-01T10:03:34.000Z,,
5,2018-06-01T10:03:35.000Z,,
5,2018-06-01T10:03:36.000Z,,
5,2018-06-01T10:03:37.000Z,,
5,2018-06-01T10:03:38.000Z,,
5,2018-06-01T10:03:39.000Z,,
5,2018-06-01T10:03:40.000Z,,
5,2018-06-01T10:03:41.000Z,,
5,2018-06-01T10:03:42.000Z,,
5,2018-06-01T10:03:43.000Z,,
5,2018-06-01T10:03:44.000Z,,
5,2018-06-01T10:03:45.000Z,,
5,2018-06-01T10:03:46.000Z,,
5,2018-06-01T10:03:47.000Z,,
5,2018-06-01T10:03:48.000Z,,
5,2018-06-01T10:03:49.000Z,,
5,2018-06-01T10:03:50.000Z,,
5,2018-06-01T10:03:51.000Z,,
5,2018-06-01T10:03:52.000Z,,
5,2018-06-01T10:03:53.000Z,,
5,2018-06-01T10:03:54.000Z,,
5,2018-06-01T10:03:55.000Z,,
5,2018-06-01T10:03:56.000Z,,
5,2018-06-01T10:03:57.000Z,,
5,2018-06-01T10:03:58.000Z,,
5,2018-06-01T10:03:59.000Z,,
