sample_id,session_id,ts,rpm,speed_kph,engine_load_pct,coolant_temp_c,intake_temp_c,maf_gps,throttle_pct,stft_b1_pct,ltft_b1_pct,timing_adv_deg,fuel_press_kpa,o2_b1s1_v
25,3,2018-03-21T19:09:16.713Z,0.0,0.0,,17.0,11.0,0.88,89.0,,,,,
26,3,2018-03-21T19:09:17.073Z,0.0,0.0,,17.0,11.0,0.88,89.0,,,,,
27,3,2018-03-21T19:09:18.004Z,0.0,0.0,,17.0,11.0,0.88,89.0,,,,,
28,3,2018-03-21T19:09:19.053Z,0.0,0.0,,17.0,11.0,0.88,89.0,,,,,
29,3,2018-03-21T19:09:20.044Z,0.0,0.0,,17.0,11.0,0.88,89.0,,,,,
30,3,2018-03-21T19:09:21.063Z,0.0,0.0,,17.0,11.0,0.88,89.0,,,,,
31,3,2018-03-21T19:09:22.053Z,0.0,0.0,,17.0,11.0,0.88,89.0,,,,,
32,3,2018-03-21T19:09:23.043Z,0.0,0.0,,17.0,11.0,0.88,89.0,,,,,
33,3,2018-03-21T19:09:24.003Z,0.0,0.0,,17.0,11.0,0.88,89.0,,,,,
34,3,2018-03-21T19:09:25.053Z,0.0,0.0,,17.0,11.0,0.88,89.0,,,,,
35,3,2018-03-21T19:09:26.043Z,0.0,0.0,,17.0,11.0,0.88,89.0,,,,,
36,3,2018-03-21T19:09:27.003Z,0.0,0.0,,17.0,11.0,0.88,89.0,,,,,
37,3,2018-03-21T19:09:28.054Z,0.0,0.0,,17.0,11.0,0.88,89.0,,,,,
38,3,2018-03-21T19:09:29.043Z,1004.0,0.0,,17.0,13.0,19.94,83.1,,,,,
39,3,2018-03-21T19:09:30.033Z,925.0,0.0,,17.0,27.0,16.02,83.1,,,,,
40,3,2018-03-21T19:09:31.083Z,910.0,0.0,,17.0,26.0,15.58,83.1,,,,,
41,3,2018-03-21T19:09:32.014Z,887.0,0.0,,17.0,24.0,15.33,83.1,,,,,
42,3,2018-03-21T19:09:33.033Z,935.0,0.0,,18.0,24.0,15.91,83.1,,,,,
43,3,2018-03-21T19:09:34.054Z,952.0,0.0,,18.0,23.0,16.72,83.1,,,,,
44,3,2018-03-21T19:09:35.012Z,956.0,0.0,,18.0,22.0,16.52,83.1,,,,,
45,3,2018-03-21T19:09:36.003Z,973.0,1.0,,18.0,22.0,16.94,83.1,,,,,
46,3,2018-03-21T19:09:37.083Z,911.0,0.0,,18.0,21.0,15.86,83.1,,,,,
47,3,2018-03-21T19:09:38.103Z,907.0,1.0,,18.0,20.0,16.08,83.1,,,,,
48,3,2018-03-21T19:09:39.033Z,956.0,0.0,,18.0,20.0,16.94,83.1,,,,,
49,3,2018-03-21T19:09:40.113Z,950.0,0.0,,18.0,20.0,16.94,83.1,,,,,
50,3,2018-03-21T19:09:41.133Z,950.0,1.0,,18.0,19.0,17.16,83.1,,,,,
51,3,2018-03-21T19:09:42.003Z,940.0,1.0,,18.0,19.0,16.83,83.1,,,,,
52,3,2018-03-21T19:09:43.084Z,959.0,1.0,,18.0,18.0,16.83,83.1,,,,,
53,3,2018-03-21T19:09:44.133Z,959.0,1.0,,18.0,18.0,17.22,83.1,,,,,
54,3,2018-03-21T19:09:45.063Z,943.0,1.0,,18.0,18.0,16.94,83.1,,,,,
55,3,2018-03-21T19:09:46.083Z,935.0,2.0,,18.0,17.0,16.94,83.1,,,,,
56,3,2018-03-21T19:09:47.133Z,935.0,2.0,,18.0,17.0,15.83,83.1,,,,,
57,3,2018-03-21T19:09:48.033Z,913.0,6.0,,18.0,17.0,16.44,83.1,,,,,
58,3,2018-03-21T19:09:49.082Z,1094.0,9.0,,18.0,17.0,16.44,83.1,,,,,
59,3,2018-03-21T19:09:50.132Z,1094.0,9.0,,18.0,17.0,22.38,83.1,,,,,
60,3,2018-03-21T19:09:51.032Z,1493.0,13.0,,18.0,19.0,26.83,83.1,,,,,
61,3,2018-03-21T19:09:52.082Z,1583.0,14.0,,18.0,19.0,26.83,83.1,,,,,
62,3,2018-03-21T19:09:53.012Z,1622.0,14.0,,18.0,19.0,29.19,83.1,,,,,
63,3,2018-03-21T19:09:54.032Z,1558.0,14.0,,18.0,19.0,29.72,83.1,,,,,
64,3,2018-03-21T19:09:55.022Z,1491.0,13.0,,18.0,18.0,26.3,83.1,,,,,
65,3,2018-03-21T19:09:56.013Z,1449.0,13.0,,18.0,17.0,25.49,83.1,,,,,
66,3,2018-03-21T19:09:57.062Z,1458.0,12.0,,18.0,17.0,25.11,83.1,,,,,
67,3,2018-03-21T19:09:58.052Z,1519.0,13.0,,18.0,17.0,27.33,83.1,,,,,
68,3,2018-03-21T19:09:59.043Z,1739.0,15.0,,18.0,17.0,38.52,83.1,,,,,
69,3,2018-03-21T19:10:00.032Z,1152.0,16.0,,18.0,18.0,19.69,83.1,,,,,
70,3,2018-03-21T19:10:01.022Z,1084.0,18.0,,18.0,15.0,21.27,83.1,,,,,
71,3,2018-03-21T19:10:02.013Z,1331.0,21.0,,18.0,14.0,23.05,83.1,,,,,
72,3,2018-03-21T19:10:03.002Z,1386.0,24.0,,18.0,15.0,23.99,83.1,,,,,
73,3,2018-03-21T19:10:04.052Z,1369.0,23.0,,18.0,15.0,24.61,83.1,,,,,
74,3,2018-03-21T19:10:05.042Z,1274.0,22.0,,18.0,15.0,24.19,83.1,,,,,
75,3,2018-03-21T19:10:06.032Z,1214.0,21.0,,18.0,15.0,22.44,83.1,,,,,
76,3,2018-03-21T19:10:07.053Z,1078.0,18.0,,18.0,15.0,22.44,83.1,,,,,
77,3,2018-03-21T19:10:08.043Z,1104.0,19.0,,19.0,14.0,20.05,83.1,,,,,
78,3,2018-03-21T19:10:09.032Z,1174.0,20.0,,19.0,14.0,21.47,83.1,,,,,
79,3,2018-03-21T19:10:10.052Z,1330.0,23.0,,19.0,14.0,26.49,83.1,,,,,
80,3,2018-03-21T19:10:11.043Z,1477.0,25.0,,19.0,16.0,28.66,83.1,,,,,
81,3,2018-03-21T19:10:12.062Z,1392.0,24.0,,19.0,16.0,25.58,83.1,,,,,
82,3,2018-03-21T19:10:13.053Z,1214.0,20.0,,19.0,16.0,21.38,83.1,,,,,
83,3,2018-03-21T19:10:14.043Z,1144.0,19.0,,19.0,14.0,19.38,83.1,,,,,
84,3,2018-03-21T19:10:15.032Z,929.0,18.0,,19.0,13.0,16.13,83.1,,,,,
85,3,2018-03-21T19:10:16.022Z,937.0,9.0,,19.0,13.0,16.69,83.1,,,,,
86,3,2018-03-21T19:10:17.013Z,943.0,1.0,,19.0,13.0,16.49,83.1,,,,,
87,3,2018-03-21T19:10:18.002Z,888.0,0.0,,19.0,13.0,15.41,83.1,,,,,
88,3,2018-03-21T19:10:19.082Z,893.0,0.0,,19.0,13.0,15.61,83.1,,,,,
89,3,2018-03-21T19:10:20.102Z,894.0,0.0,,19.0,13.0,15.69,83.1,,,,,
90,3,2018-03-21T19:10:21.002Z,895.0,0.0,,19.0,13.0,15.58,83.1,,,,,
91,3,2018-03-21T19:10:22.052Z,877.0,0.0,,20.0,13.0,15.13,83.1,,,,,
92,3,2018-03-21T19:10:23.072Z,910.0,2.0,,20.0,13.0,15.58,83.1,,,,,
93,3,2018-03-21T19:10:24.062Z,1237.0,6.0,,20.0,13.0,15.69,83.1,,,,,
94,3,2018-03-21T19:10:25.082Z,1964.0,17.0,,20.0,13.0,27.36,83.1,,,,,
95,3,2018-03-21T19:10:26.043Z,1906.0,19.0,,20.0,19.0,54.13,83.1,,,,,
96,3,2018-03-21T19:10:27.032Z,1243.0,18.0,,20.0,15.0,22.16,31.0,,,,,
97,3,2018-03-21T19:10:28.082Z,1270.0,22.0,,20.0,15.0,28.52,83.5,,,,,
98,3,2018-03-21T19:10:29.071Z,1327.0,23.0,,20.0,15.0,24.99,83.5,,,,,
99,3,2018-03-21T19:10:30.062Z,1225.0,21.0,,20.0,14.0,21.11,83.5,,,,,
100,3,2018-03-21T19:10:31.082Z,1065.0,18.0,,20.0,13.0,17.8,83.5,,,,,
101,3,2018-03-21T19:10:32.072Z,982.0,16.0,,20.0,13.0,17.3,83.5,,,,,
102,3,2018-03-21T19:10:33.062Z,948.0,13.0,,21.0,13.0,16.97,83.5,,,,,
103,3,2018-03-21T19:10:34.023Z,947.0,6.0,,21.0,13.0,16.94,83.5,,,,,
104,3,2018-03-21T19:10:35.012Z,945.0,5.0,,21.0,13.0,16.77,83.5,,,,,
105,3,2018-03-21T19:10:36.062Z,945.0,4.0,,21.0,13.0,16.94,83.5,,,,,
106,3,2018-03-21T19:10:37.052Z,946.0,3.0,,21.0,13.0,16.99,83.5,,,,,
107,3,2018-03-21T19:10:38.012Z,917.0,3.0,,21.0,13.0,16.13,83.5,,,,,
108,3,2018-03-21T19:10:39.002Z,911.0,4.0,,21.0,13.0,16.02,83.5,,,,,
109,3,2018-03-21T19:10:40.052Z,912.0,7.0,,21.0,13.0,16.16,83.5,,,,,
110,3,2018-03-21T19:10:41.043Z,993.0,9.0,,21.0,13.0,18.66,83.5,,,,,
111,3,2018-03-21T19:10:42.032Z,964.0,6.0,,22.0,14.0,17.61,83.5,,,,,
112,3,2018-03-21T19:10:43.082Z,951.0,5.0,,22.0,13.0,16.97,83.5,,,,,
113,3,2018-03-21T19:10:44.072Z,946.0,3.0,,22.0,13.0,16.77,83.5,,,,,
114,3,2018-03-21T19:10:45.032Z,886.0,2.0,,22.0,13.0,15.72,83.5,,,,,
115,3,2018-03-21T19:10:46.022Z,884.0,1.0,,22.0,13.0,15.69,83.5,,,,,
116,3,2018-03-21T19:10:47.012Z,883.0,0.0,,22.0,13.0,15.63,83.5,,,,,
117,3,2018-03-21T19:10:48.062Z,880.0,0.0,,22.0,13.0,15.22,83.5,,,,,
118,3,2018-03-21T19:10:49.081Z,924.0,0.0,,22.0,13.0,15.38,83.5,,,,,
119,3,2018-03-21T19:10:50.012Z,950.0,0.0,,22.0,14.0,17.08,83.5,,,,,
120,3,2018-03-21T19:10:51.032Z,944.0,0.0,,23.0,14.0,16.61,83.5,,,,,
121,3,2018-03-21T19:10:52.052Z,941.0,0.0,,23.0,14.0,16.72,83.5,,,,,
122,3,2018-03-21T19:10:53.012Z,946.0,0.0,,23.0,14.0,16.97,83.5,,,,,
123,3,2018-03-21T19:10:54.032Z,926.0,1.0,,23.0,14.0,16.63,83.5,,,,,
124,3,2018-03-21T19:10:55.052Z,918.0,2.0,,23.0,13.0,16.24,83.5,,,,,
125,3,2018-03-21T19:10:56.012Z,905.0,4.0,,23.0,13.0,16.05,83.5,,,,,
126,3,2018-03-21T19:10:57.062Z,897.0,7.0,,23.0,13.0,16.13,83.5,,,,,
127,3,2018-03-21T19:10:58.052Z,1711.0,11.0,,23.0,14.0,25.36,83.5,,,,,
128,3,2018-03-21T19:10:59.012Z,1645.0,18.0,,24.0,16.0,38.83,83.5,,,,,
129,3,2018-03-21T19:11:00.032Z,1076.0,18.0,,24.0,15.0,19.74,31.0,,,,,
130,3,2018-03-21T19:11:01.052Z,1222.0,21.0,,24.0,14.0,23.22,83.5,,,,,
131,3,2018-03-21T19:11:02.071Z,1362.0,23.0,,24.0,14.0,25.19,83.5,,,,,
132,3,2018-03-21T19:11:03.002Z,1479.0,25.0,,24.0,15.0,28.36,83.5,,,,,
133,3,2018-03-21T19:11:04.052Z,1659.0,27.0,,24.0,16.0,31.33,83.5,,,,,
134,3,2018-03-21T19:11:05.072Z,1702.0,29.0,,24.0,16.0,31.77,83.5,,,,,
135,3,2018-03-21T19:11:06.002Z,1692.0,29.0,,24.0,16.0,30.08,83.5,,,,,
136,3,2018-03-21T19:11:07.052Z,1679.0,29.0,,25.0,15.0,29.94,83.5,,,,,
137,3,2018-03-21T19:11:08.013Z,1622.0,28.0,,25.0,15.0,28.69,83.5,,,,,
138,3,2018-03-21T19:11:09.002Z,1368.0,26.0,,25.0,15.0,28.38,83.5,,,,,
139,3,2018-03-21T19:11:10.052Z,1056.0,21.0,,25.0,14.0,17.83,83.5,,,,,
140,3,2018-03-21T19:11:11.072Z,939.0,18.0,,25.0,12.0,16.99,83.5,,,,,
141,3,2018-03-21T19:11:12.002Z,939.0,12.0,,25.0,12.0,16.83,83.5,,,,,
142,3,2018-03-21T19:11:13.052Z,937.0,3.0,,25.0,12.0,16.63,83.5,,,,,
143,3,2018-03-21T19:11:14.013Z,870.0,2.0,,25.0,12.0,15.58,83.5,,,,,
144,3,2018-03-21T19:11:15.002Z,830.0,4.0,,26.0,12.0,15.13,83.5,,,,,
145,3,2018-03-21T19:11:16.052Z,1304.0,9.0,,26.0,12.0,27.08,83.5,,,,,
146,3,2018-03-21T19:11:17.013Z,1070.0,16.0,,26.0,13.0,33.27,30.6,,,,,
147,3,2018-03-21T19:11:18.032Z,991.0,16.0,,26.0,14.0,17.77,83.5,,,,,
148,3,2018-03-21T19:11:19.052Z,956.0,13.0,,26.0,13.0,17.05,83.5,,,,,
149,3,2018-03-21T19:11:20.013Z,940.0,9.0,,26.0,12.0,16.8,83.5,,,,,
150,3,2018-03-21T19:11:21.002Z,939.0,3.0,,26.0,13.0,16.72,83.5,,,,,
151,3,2018-03-21T19:11:22.052Z,880.0,2.0,,26.0,13.0,15.47,83.5,,,,,
152,3,2018-03-21T19:11:23.013Z,865.0,0.0,,27.0,12.0,15.02,83.5,,,,,
153,3,2018-03-21T19:11:24.002Z,863.0,0.0,,27.0,12.0,14.94,83.5,,,,,
154,3,2018-03-21T19:11:25.053Z,862.0,0.0,,27.0,12.0,15.3,83.5,,,,,
155,3,2018-03-21T19:11:26.012Z,863.0,0.0,,27.0,12.0,14.97,83.5,,,,,
156,3,2018-03-21T19:11:27.031Z,863.0,0.0,,27.0,12.0,15.02,83.5,,,,,
157,3,2018-03-21T19:11:28.022Z,863.0,0.0,,27.0,12.0,15.3,83.5,,,,,
158,3,2018-03-21T19:11:29.012Z,861.0,0.0,,27.0,13.0,14.99,83.5,,,,,
159,3,2018-03-21T19:11:30.032Z,859.0,0.0,,27.0,13.0,14.88,83.5,,,,,
160,3,2018-03-21T19:11:31.082Z,860.0,0.0,,27.0,13.0,14.94,83.5,,,,,
161,3,2018-03-21T19:11:32.072Z,989.0,0.0,,28.0,13.0,17.72,83.5,,,,,
162,3,2018-03-21T19:11:33.002Z,958.0,0.0,,28.0,13.0,16.55,83.5,,,,,
163,3,2018-03-21T19:11:34.022Z,894.0,0.0,,28.0,13.0,15.19,83.5,,,,,
164,3,2018-03-21T19:11:35.012Z,864.0,0.0,,28.0,13.0,15.16,83.5,,,,,
165,3,2018-03-21T19:11:36.062Z,861.0,0.0,,28.0,13.0,14.97,83.5,,,,,
166,3,2018-03-21T19:11:37.052Z,859.0,0.0,,28.0,13.0,14.88,83.5,,,,,
167,3,2018-03-21T19:11:38.072Z,858.0,0.0,,28.0,13.0,14.66,83.5,,,,,
168,3,2018-03-21T19:11:39.062Z,858.0,0.0,,28.0,13.0,14.63,83.5,,,,,
169,3,2018-03-21T19:11:40.052Z,857.0,0.0,,28.0,13.0,14.8,83.5,,,,,
170,3,2018-03-21T19:11:41.072Z,856.0,0.0,,28.0,13.0,14.77,83.5,,,,,
171,3,2018-03-21T19:11:42.002Z,858.0,0.0,,28.0,13.0,15.02,83.5,,,,,
172,3,2018-03-21T19:11:43.022Z,913.0,0.0,,29.0,13.0,14.86,83.5,,,,,
173,3,2018-03-21T19:11:44.012Z,914.0,1.0,,29.0,13.0,15.94,83.5,,,,,
174,3,2018-03-21T19:11:45.002Z,997.0,3.0,,29.0,13.0,17.66,83.5,,,,,
175,3,2018-03-21T19:11:46.052Z,936.0,4.0,,29.0,13.0,15.91,83.5,,,,,
176,3,2018-03-21T19:11:47.042Z,905.0,6.0,,29.0,13.0,15.94,83.5,,,,,
177,3,2018-03-21T19:11:48.032Z,1105.0,10.0,,29.0,13.0,23.22,83.5,,,,,
178,3,2018-03-21T19:11:49.022Z,1819.0,16.0,,29.0,16.0,48.8,83.5,,,,,
179,3,2018-03-21T19:11:50.012Z,2092.0,21.0,,29.0,19.0,36.05,83.5,,,,,
180,3,2018-03-21T19:11:51.002Z,1676.0,23.0,,29.0,16.0,32.47,83.5,,,,,
181,3,2018-03-21T19:11:52.082Z,1792.0,31.0,,29.0,16.0,34.02,83.5,,,,,
182,3,2018-03-21T19:11:53.072Z,1683.0,32.0,,29.0,16.0,24.22,83.5,,,,,
183,3,2018-03-21T19:11:54.062Z,1014.0,28.0,,29.0,14.0,17.77,83.5,,,,,
184,3,2018-03-21T19:11:55.052Z,965.0,22.0,,29.0,12.0,16.88,83.5,,,,,
185,3,2018-03-21T19:11:56.042Z,948.0,14.0,,29.0,12.0,16.74,83.5,,,,,
186,3,2018-03-21T19:11:57.032Z,939.0,5.0,,29.0,12.0,16.61,83.5,,,,,
187,3,2018-03-21T19:11:58.022Z,890.0,0.0,,30.0,12.0,15.33,83.5,,,,,
188,3,2018-03-21T19:11:59.012Z,852.0,0.0,,30.0,12.0,14.91,83.5,,,,,
189,3,2018-03-21T19:12:00.008Z,850.0,0.0,,30.0,12.0,14.77,83.5,,,,,
190,3,2018-03-21T19:12:01.052Z,850.0,0.0,,30.0,12.0,14.8,83.5,,,,,
191,3,2018-03-21T19:12:02.042Z,850.0,0.0,,30.0,13.0,14.44,83.5,,,,,
192,3,2018-03-21T19:12:03.032Z,848.0,0.0,,30.0,13.0,14.86,83.5,,,,,
193,3,2018-03-21T19:12:04.022Z,849.0,0.0,,30.0,13.0,14.69,83.5,,,,,
194,3,2018-03-21T19:12:05.042Z,849.0,0.0,,30.0,13.0,14.61,83.5,,,,,
195,3,2018-03-21T19:12:06.032Z,849.0,0.0,,30.0,13.0,14.88,83.5,,,,,
196,3,2018-03-21T19:12:07.022Z,849.0,0.0,,30.0,13.0,14.44,83.5,,,,,
197,3,2018-03-21T19:12:08.013Z,848.0,0.0,,30.0,13.0,14.69,83.5,,,,,
198,3,2018-03-21T19:12:09.002Z,849.0,0.0,,30.0,13.0,14.49,83.5,,,,,
199,3,2018-03-21T19:12:10.082Z,848.0,0.0,,31.0,13.0,14.74,83.5,,,,,
200,3,2018-03-21T19:12:11.012Z,846.0,0.0,,31.0,13.0,9.52,83.5,,,,,
201,3,2018-03-21T19:12:12.002Z,847.0,0.0,,31.0,10.0,9.77,83.5,,,,,
202,3,2018-03-21T19:12:13.081Z,846.0,0.0,,31.0,10.0,9.3,83.5,,,,,
203,3,2018-03-21T19:12:14.012Z,847.0,0.0,,31.0,10.0,9.49,83.5,,,,,
204,3,2018-03-21T19:12:15.002Z,846.0,0.0,,31.0,10.0,9.58,83.5,,,,,
205,3,2018-03-21T19:12:16.082Z,846.0,0.0,,31.0,11.0,9.72,83.5,,,,,
206,3,2018-03-21T19:12:17.072Z,846.0,0.0,,31.0,11.0,9.49,83.5,,,,,
207,3,2018-03-21T19:12:18.062Z,846.0,0.0,,31.0,11.0,9.63,83.5,,,,,
208,3,2018-03-21T19:12:19.052Z,846.0,0.0,,31.0,11.0,9.49,83.5,,,,,
209,3,2018-03-21T19:12:20.041Z,845.0,0.0,,31.0,11.0,9.38,83.5,,,,,
210,3,2018-03-21T19:12:21.032Z,846.0,0.0,,31.0,12.0,9.47,83.5,,,,,
211,3,2018-03-21T19:12:22.022Z,843.0,0.0,,31.0,12.0,9.55,83.5,,,,,
212,3,2018-03-21T19:12:23.011Z,859.0,0.0,,31.0,12.0,11.72,83.5,,,,,
213,3,2018-03-21T19:12:24.002Z,899.0,5.0,,31.0,14.0,14.49,83.5,,,,,
214,3,2018-03-21T19:12:25.082Z,1317.0,12.0,,31.0,15.0,27.58,83.5,,,,,
215,3,2018-03-21T19:12:26.072Z,2084.0,19.0,,31.0,19.0,33.99,31.0,,,,,
216,3,2018-03-21T19:12:27.062Z,1264.0,19.0,,31.0,18.0,17.44,81.2,,,,,
217,3,2018-03-21T19:12:28.052Z,1552.0,22.0,,32.0,15.0,23.05,83.5,,,,,
218,3,2018-03-21T19:12:29.042Z,1874.0,32.0,,32.0,16.0,35.33,83.5,,,,,
219,3,2018-03-21T19:12:30.092Z,1144.0,33.0,,32.0,18.0,28.13,38.0,,,,,
220,3,2018-03-21T19:12:31.082Z,1252.0,33.0,,32.0,14.0,14.77,80.8,,,,,
221,3,2018-03-21T19:12:32.072Z,1275.0,34.0,,32.0,13.0,14.36,83.5,,,,,
222,3,2018-03-21T19:12:33.062Z,1281.0,34.0,,32.0,13.0,13.77,83.5,,,,,
223,3,2018-03-21T19:12:34.052Z,1273.0,34.0,,32.0,13.0,13.3,83.5,,,,,
224,3,2018-03-21T19:12:35.042Z,1234.0,33.0,,32.0,13.0,12.63,83.5,,,,,
225,3,2018-03-21T19:12:36.032Z,1169.0,31.0,,32.0,13.0,12.91,83.5,,,,,
226,3,2018-03-21T19:12:37.082Z,1039.0,30.0,,32.0,13.0,11.91,83.5,,,,,
227,3,2018-03-21T19:12:38.072Z,977.0,26.0,,32.0,13.0,11.33,83.5,,,,,
228,3,2018-03-21T19:12:39.032Z,893.0,25.0,,32.0,11.0,10.49,83.5,,,,,
229,3,2018-03-21T19:12:40.022Z,910.0,23.0,,32.0,11.0,10.38,83.5,,,,,
230,3,2018-03-21T19:12:41.072Z,919.0,21.0,,32.0,12.0,10.8,83.5,,,,,
231,3,2018-03-21T19:12:42.033Z,924.0,19.0,,32.0,12.0,10.74,83.5,,,,,
232,3,2018-03-21T19:12:43.082Z,926.0,16.0,,33.0,12.0,10.77,83.5,,,,,
233,3,2018-03-21T19:12:44.012Z,927.0,11.0,,33.0,12.0,10.41,83.5,,,,,
234,3,2018-03-21T19:12:45.032Z,925.0,3.0,,33.0,12.0,10.44,83.5,,,,,
235,3,2018-03-21T19:12:46.022Z,868.0,0.0,,33.0,13.0,9.86,83.5,,,,,
236,3,2018-03-21T19:12:47.072Z,839.0,0.0,,33.0,12.0,9.22,83.5,,,,,
237,3,2018-03-21T19:12:48.002Z,838.0,0.0,,33.0,11.0,9.58,83.5,,,,,
238,3,2018-03-21T19:12:49.022Z,838.0,0.0,,33.0,11.0,9.47,83.5,,,,,
239,3,2018-03-21T19:12:50.042Z,840.0,0.0,,33.0,11.0,9.61,83.5,,,,,
240,3,2018-03-21T19:12:51.062Z,839.0,0.0,,33.0,11.0,9.55,83.5,,,,,
241,3,2018-03-21T19:12:52.022Z,837.0,0.0,,33.0,11.0,9.63,83.5,,,,,
242,3,2018-03-21T19:12:53.013Z,836.0,0.0,,33.0,12.0,9.44,83.5,,,,,
243,3,2018-03-21T19:12:54.032Z,836.0,0.0,,33.0,12.0,9.49,83.5,,,,,
244,3,2018-03-21T19:12:55.082Z,836.0,0.0,,33.0,12.0,9.47,83.5,,,,,
245,3,2018-03-21T19:12:56.012Z,834.0,0.0,,33.0,12.0,9.66,83.5,,,,,
246,3,2018-03-21T19:12:57.002Z,836.0,0.0,,33.0,12.0,9.33,83.5,,,,,
247,3,2018-03-21T19:12:58.052Z,835.0,0.0,,34.0,12.0,9.41,83.5,,,,,
248,3,2018-03-21T19:12:59.042Z,836.0,0.0,,34.0,12.0,9.49,83.5,,,,,
249,3,2018-03-21T19:13:00.062Z,834.0,0.0,,34.0,12.0,9.52,83.5,,,,,
250,3,2018-03-21T19:13:01.082Z,834.0,0.0,,34.0,12.0,9.49,83.5,,,,,
251,3,2018-03-21T19:13:02.012Z,835.0,0.0,,34.0,12.0,9.69,83.5,,,,,
252,3,2018-03-21T19:13:03.062Z,834.0,0.0,,34.0,12.0,9.3,83.5,,,,,
253,3,2018-03-21T19:13:04.052Z,835.0,0.0,,34.0,12.0,9.55,83.5,,,,,
254,3,2018-03-21T19:13:05.012Z,835.0,0.0,,34.0,12.0,9.3,83.5,,,,,
255,3,2018-03-21T19:13:06.031Z,835.0,0.0,,34.0,12.0,9.69,83.5,,,,,
256,3,2018-03-21T19:13:07.052Z,833.0,0.0,,34.0,12.0,9.33,83.5,,,,,
257,3,2018-03-21T19:13:08.072Z,833.0,0.0,,34.0,12.0,9.49,83.5,,,,,
258,3,2018-03-21T19:13:09.062Z,833.0,0.0,,34.0,12.0,9.33,83.5,,,,,
259,3,2018-03-21T19:13:10.023Z,834.0,0.0,,34.0,12.0,9.38,83.5,,,,,
260,3,2018-03-21T19:13:11.012Z,832.0,0.0,,34.0,12.0,9.24,83.5,,,,,
261,3,2018-03-21T19:13:12.032Z,832.0,0.0,,34.0,12.0,9.49,83.5,,,,,
262,3,2018-03-21T19:13:13.052Z,834.0,0.0,,34.0,12.0,9.66,83.5,,,,,
263,3,2018-03-21T19:13:14.012Z,832.0,0.0,,34.0,12.0,9.49,83.5,,,,,
264,3,2018-03-21T19:13:15.061Z,829.0,0.0,,34.0,12.0,9.33,83.5,,,,,
265,4,2017-11-02T13:27:31.820Z,1328.0,46.0,10.9803924561,,,9.82999992371,,,,,,
266,4,2017-11-02T13:27:32.820Z,1285.0,46.0,10.9803924561,,,9.03999996185,,,,,,
267,4,2017-11-02T13:27:33.920Z,1285.0,45.0,10.9803924561,,,9.03999996185,,,,,,
268,4,2017-11-02T13:27:34.920Z,1276.0,45.0,10.9803924561,,,8.80000019073,,,,,,
269,4,2017-11-02T13:27:35.020Z,1276.0,44.0,10.9803924561,,,8.80000019073,,,,,,
270,4,2017-11-02T13:27:36.020Z,1276.0,43.0,10.9803924561,,,8.80000019073,,,,,,
271,4,2017-11-02T13:27:37.020Z,1226.0,42.0,11.372549057,,,8.47999954224,,,,,,
272,4,2017-11-02T13:27:39.120Z,1187.0,41.0,11.372549057,,,8.43999958038,,,,,,
273,4,2017-11-02T13:27:40.220Z,1187.0,40.0,11.372549057,,,8.43999958038,,,,,,
274,4,2017-11-02T13:27:41.120Z,1122.0,40.0,11.372549057,,,8.14000034332,,,,,,
275,4,2017-11-02T13:27:41.220Z,1122.0,38.0,11.372549057,,,8.14000034332,,,,,,
276,4,2017-11-02T13:27:42.220Z,1122.0,38.0,11.764705658,,,8.14000034332,,,,,,
277,4,2017-11-02T13:27:43.220Z,1112.0,38.0,11.764705658,,,7.75,,,,,,
278,4,2017-11-02T13:27:45.320Z,1007.0,38.0,11.764705658,,,7.21000003815,,,,,,
279,4,2017-11-02T13:27:45.420Z,1007.0,35.0,11.764705658,,,7.21000003815,,,,,,
280,4,2017-11-02T13:27:46.420Z,1007.0,30.0,11.764705658,,,7.21000003815,,,,,,
281,4,2017-11-02T13:27:47.420Z,970.0,25.0,12.5490198135,,,7.21000003815,,,,,,
282,4,2017-11-02T13:27:48.520Z,970.0,21.0,12.5490198135,,,7.21000003815,,,,,,
283,4,2017-11-02T13:27:49.520Z,958.0,16.0,12.5490198135,,,7.67999982834,,,,,,
284,4,2017-11-02T13:27:50.620Z,958.0,10.0,12.5490198135,,,7.67999982834,,,,,,
285,4,2017-11-02T13:27:51.520Z,710.0,10.0,12.5490198135,,,8.97000026703,,,,,,
286,4,2017-11-02T13:27:51.620Z,710.0,4.0,12.5490198135,,,8.97000026703,,,,,,
287,4,2017-11-02T13:27:51.720Z,687.0,4.0,12.5490198135,,,8.97000026703,,,,,,
288,4,2017-11-02T13:27:51.820Z,687.0,4.0,19.2156867981,,,7.86000013351,,,,,,
289,4,2017-11-02T13:27:52.420Z,687.0,0.0,19.2156867981,,,7.86000013351,,,,,,
290,4,2017-11-02T13:27:53.720Z,623.0,0.0,19.2156867981,,,7.86000013351,,,,,,
291,4,2017-11-02T13:27:55.720Z,615.0,0.0,19.2156867981,,,7.86000013351,,,,,,
292,4,2017-11-02T13:27:56.820Z,615.0,0.0,19.2156867981,,,6.46000003815,,,,,,
293,4,2017-11-02T13:27:56.920Z,615.0,0.0,18.0392150879,,,6.46000003815,,,,,,
294,4,2017-11-02T13:27:57.720Z,597.0,0.0,18.0392150879,,,6.46000003815,,,,,,
295,4,2017-11-02T13:27:59.720Z,575.0,0.0,18.0392150879,,,6.46000003815,,,,,,
296,4,2017-11-02T13:28:02.020Z,587.0,0.0,17.254901886,,,6.15999984741,,,,,,
297,4,2017-11-02T13:28:04.120Z,579.0,0.0,17.254901886,,,6.15999984741,,,,,,
298,4,2017-11-02T13:28:06.220Z,576.0,0.0,17.254901886,,,6.15999984741,,,,,,
299,4,2017-11-02T13:28:07.220Z,576.0,0.0,17.254901886,,,5.86999988556,,,,,,
300,4,2017-11-02T13:28:08.320Z,574.0,0.0,17.254901886,,,5.86999988556,,,,,,
301,4,2017-11-02T13:28:11.020Z,574.0,0.0,17.254901886,,,5.86999988556,,,,,,
302,4,2017-11-02T13:28:12.220Z,574.0,0.0,17.254901886,,,5.92000007629,,,,,,
303,4,2017-11-02T13:28:13.020Z,570.0,0.0,17.254901886,,,5.92000007629,,,,,,
304,4,2017-11-02T13:28:15.020Z,565.0,0.0,17.254901886,,,5.92000007629,,,,,,
305,4,2017-11-02T13:28:17.120Z,570.0,0.0,17.254901886,,,5.92000007629,,,,,,
306,4,2017-11-02T13:28:17.320Z,570.0,0.0,17.254901886,,,5.94000005722,,,,,,
307,4,2017-11-02T13:28:17.420Z,570.0,0.0,17.254901886,,,5.94000005722,,,,,,
308,4,2017-11-02T13:28:19.120Z,565.0,0.0,17.254901886,,,5.94000005722,,,,,,
309,4,2017-11-02T13:28:21.220Z,573.0,0.0,17.254901886,,,5.94000005722,,,,,,
310,4,2017-11-02T13:28:22.320Z,573.0,0.0,17.6470584869,,,5.94000005722,,,,,,
311,4,2017-11-02T13:28:23.320Z,578.0,0.0,17.6470584869,,,5.94000005722,,,,,,
312,4,2017-11-02T13:28:25.420Z,572.0,0.0,17.6470584869,,,5.94000005722,,,,,,
313,4,2017-11-02T13:28:27.520Z,585.0,0.0,37.6470603943,,,10.9200000763,,,,,,
314,4,2017-11-02T13:28:27.720Z,585.0,0.0,37.6470603943,,,10.9200000763,,,,,,
315,4,2017-11-02T13:28:27.820Z,1311.0,0.0,37.6470603943,,,31.9200000763,,,,,,
316,4,2017-11-02T13:28:27.920Z,1311.0,0.0,44.3137245178,,,31.9200000763,,,,,,
317,4,2017-11-02T13:28:28.520Z,1311.0,13.0,44.3137245178,,,31.9200000763,,,,,,
318,4,2017-11-02T13:28:29.820Z,1767.0,13.0,44.3137245178,,,43.5200004578,,,,,,
319,4,2017-11-02T13:28:30.620Z,1767.0,20.0,44.3137245178,,,43.5200004578,,,,,,
320,4,2017-11-02T13:28:31.620Z,1767.0,24.0,44.3137245178,,,43.5200004578,,,,,,
321,4,2017-11-02T13:28:31.820Z,1723.0,24.0,44.3137245178,,,38.3600006104,,,,,,
322,4,2017-11-02T13:28:32.720Z,1723.0,28.0,44.3137245178,,,38.3600006104,,,,,,
323,4,2017-11-02T13:28:33.020Z,1723.0,28.0,31.372549057,,,38.3600006104,,,,,,
324,4,2017-11-02T13:28:33.720Z,1723.0,30.0,31.372549057,,,38.3600006104,,,,,,
325,4,2017-11-02T13:28:33.820Z,1317.0,30.0,31.372549057,,,28.2999992371,,,,,,
326,4,2017-11-02T13:28:34.720Z,1317.0,32.0,31.372549057,,,28.2999992371,,,,,,
327,4,2017-11-02T13:28:35.920Z,1308.0,33.0,31.372549057,,,25.0499992371,,,,,,
328,4,2017-11-02T13:28:37.020Z,1308.0,34.0,31.372549057,,,25.0499992371,,,,,,
329,4,2017-11-02T13:28:38.120Z,1231.0,33.0,11.372549057,,,8.47999954224,,,,,,
330,4,2017-11-02T13:28:39.220Z,1231.0,32.0,11.372549057,,,8.47999954224,,,,,,
331,4,2017-11-02T13:28:40.220Z,1209.0,31.0,11.372549057,,,8.57999992371,,,,,,
332,4,2017-11-02T13:28:42.320Z,1172.0,30.0,11.372549057,,,8.35999965668,,,,,,
333,4,2017-11-02T13:28:43.320Z,1172.0,30.0,11.764705658,,,8.35999965668,,,,,,
334,4,2017-11-02T13:28:43.420Z,1172.0,29.0,11.764705658,,,8.35999965668,,,,,,
335,4,2017-11-02T13:28:44.320Z,1108.0,29.0,11.764705658,,,8.06000041962,,,,,,
336,4,2017-11-02T13:28:44.420Z,1108.0,28.0,11.764705658,,,8.06000041962,,,,,,
337,4,2017-11-02T13:28:46.420Z,1123.0,28.0,11.764705658,,,12.1000003815,,,,,,
338,4,2017-11-02T13:28:46.520Z,1123.0,29.0,11.764705658,,,12.1000003815,,,,,,
339,4,2017-11-02T13:28:47.520Z,1123.0,30.0,11.764705658,,,12.1000003815,,,,,,
340,4,2017-11-02T13:28:48.520Z,1197.0,30.0,16.0784320831,,,11.4399995804,,,,,,
341,4,2017-11-02T13:28:50.620Z,1185.0,30.0,16.0784320831,,,8.03999996185,,,,,,
342,4,2017-11-02T13:28:52.720Z,1284.0,32.0,16.0784320831,,,23.3199996948,,,,,,
343,4,2017-11-02T13:28:53.720Z,1284.0,32.0,14.509803772,,,23.3199996948,,,,,,
344,4,2017-11-02T13:28:54.720Z,1237.0,32.0,14.509803772,,,6.82000017166,,,,,,
345,4,2017-11-02T13:28:56.820Z,1110.0,32.0,14.509803772,,,7.88000011444,,,,,,
346,4,2017-11-02T13:28:56.920Z,1110.0,30.0,14.509803772,,,7.88000011444,,,,,,
347,4,2017-11-02T13:28:57.920Z,1110.0,13.0,14.509803772,,,7.88000011444,,,,,,
348,4,2017-11-02T13:28:58.920Z,990.0,13.0,16.862745285,,,9.48999977112,,,,,,
349,4,2017-11-02T13:29:00.020Z,990.0,7.0,16.862745285,,,9.48999977112,,,,,,
350,4,2017-11-02T13:29:01.020Z,813.0,7.0,16.862745285,,,8.68999958038,,,,,,
351,4,2017-11-02T13:29:03.120Z,1383.0,15.0,16.862745285,,,25.5499992371,,,,,,
352,4,2017-11-02T13:29:04.120Z,1383.0,15.0,29.0196075439,,,25.5499992371,,,,,,
353,4,2017-11-02T13:29:05.120Z,1424.0,15.0,29.0196075439,,,29.9300003052,,,,,,
354,4,2017-11-02T13:29:05.220Z,1424.0,19.0,29.0196075439,,,29.9300003052,,,,,,
355,4,2017-11-02T13:29:06.220Z,1424.0,23.0,29.0196075439,,,29.9300003052,,,,,,
356,4,2017-11-02T13:29:07.220Z,1686.0,23.0,29.0196075439,,,24.3099994659,,,,,,
357,4,2017-11-02T13:29:07.320Z,1686.0,26.0,29.0196075439,,,24.3099994659,,,,,,
358,4,2017-11-02T13:29:08.320Z,1686.0,28.0,29.0196075439,,,24.3099994659,,,,,,
359,4,2017-11-02T13:29:09.320Z,1291.0,28.0,35.2941169739,,,26.9899997711,,,,,,
360,4,2017-11-02T13:29:09.420Z,1291.0,30.0,35.2941169739,,,26.9899997711,,,,,,
361,4,2017-11-02T13:29:10.520Z,1291.0,32.0,35.2941169739,,,26.9899997711,,,,,,
362,4,2017-11-02T13:29:12.220Z,1339.0,34.0,35.2941169739,,,10.970000267,,,,,,
363,4,2017-11-02T13:29:14.220Z,1407.0,35.0,35.2941169739,,,19.0499992371,,,,,,
364,4,2017-11-02T13:29:14.320Z,1407.0,35.0,22.745098114,,,19.0499992371,,,,,,
365,4,2017-11-02T13:29:15.320Z,1407.0,36.0,22.745098114,,,19.0499992371,,,,,,
366,4,2017-11-02T13:29:16.320Z,1401.0,36.0,22.745098114,,,10.6400003433,,,,,,
367,4,2017-11-02T13:29:18.320Z,1391.0,36.0,22.745098114,,,11.25,,,,,,
368,4,2017-11-02T13:29:18.420Z,1391.0,35.0,22.745098114,,,11.25,,,,,,
369,4,2017-11-02T13:29:19.420Z,1391.0,35.0,12.9411764145,,,11.25,,,,,,
370,4,2017-11-02T13:29:20.420Z,1370.0,35.0,12.9411764145,,,9.02000045776,,,,,,
371,4,2017-11-02T13:29:21.520Z,1370.0,31.0,12.9411764145,,,9.02000045776,,,,,,
372,4,2017-11-02T13:29:22.520Z,1186.0,31.0,12.9411764145,,,7.88000011444,,,,,,
373,4,2017-11-02T13:29:22.620Z,1186.0,26.0,12.9411764145,,,7.88000011444,,,,,,
374,4,2017-11-02T13:29:24.620Z,1058.0,13.0,12.1568632126,,,7.59000015259,,,,,,
375,4,2017-11-02T13:29:26.720Z,1037.0,10.0,12.1568632126,,,10.279999733,,,,,,
376,4,2017-11-02T13:29:27.820Z,727.0,10.0,12.1568632126,,,10.279999733,,,,,,
377,4,2017-11-02T13:29:27.920Z,727.0,10.0,12.1568632126,,,8.06000041962,,,,,,
378,4,2017-11-02T13:29:28.020Z,727.0,10.0,18.4313735962,,,8.06000041962,,,,,,
379,4,2017-11-02T13:29:28.620Z,727.0,0.0,18.4313735962,,,8.06000041962,,,,,,
380,4,2017-11-02T13:29:29.620Z,727.0,0.0,18.4313735962,,,8.06000041962,,,,,,
381,4,2017-11-02T13:29:29.720Z,763.0,0.0,18.4313735962,,,8.06000041962,,,,,,
382,4,2017-11-02T13:29:29.820Z,763.0,0.0,36.4705886841,,,17.0400009155,,,,,,
383,4,2017-11-02T13:29:30.420Z,763.0,6.0,36.4705886841,,,17.0400009155,,,,,,
384,4,2017-11-02T13:29:31.720Z,1255.0,6.0,36.4705886841,,,17.0400009155,,,,,,
385,4,2017-11-02T13:29:31.820Z,1255.0,6.0,36.4705886841,,,26.4699993134,,,,,,
386,4,2017-11-02T13:29:32.520Z,1255.0,12.0,36.4705886841,,,26.4699993134,,,,,,
387,4,2017-11-02T13:29:33.520Z,1255.0,16.0,36.4705886841,,,26.4699993134,,,,,,
388,4,2017-11-02T13:29:33.720Z,1834.0,16.0,36.4705886841,,,26.4699993134,,,,,,
389,4,2017-11-02T13:29:33.820Z,1834.0,16.0,36.4705886841,,,34.5999984741,,,,,,
390,4,2017-11-02T13:29:34.620Z,1834.0,19.0,36.4705886841,,,34.5999984741,,,,,,
391,4,2017-11-02T13:29:34.920Z,1834.0,19.0,38.8235282898,,,34.5999984741,,,,,,
392,4,2017-11-02T13:29:35.620Z,1834.0,24.0,38.8235282898,,,34.5999984741,,,,,,
393,4,2017-11-02T13:29:35.720Z,1749.0,24.0,38.8235282898,,,34.5999984741,,,,,,
394,4,2017-11-02T13:29:35.820Z,1749.0,24.0,38.8235282898,,,47.8600006104,,,,,,
395,4,2017-11-02T13:29:36.720Z,1749.0,29.0,38.8235282898,,,47.8600006104,,,,,,
396,4,2017-11-02T13:29:37.720Z,1473.0,33.0,38.8235282898,,,47.8600006104,,,,,,
397,4,2017-11-02T13:29:37.820Z,1473.0,33.0,38.8235282898,,,27.8400001526,,,,,,
398,4,2017-11-02T13:29:38.720Z,1473.0,35.0,38.8235282898,,,27.8400001526,,,,,,
399,4,2017-11-02T13:29:39.820Z,1370.0,36.0,38.8235282898,,,7.30999994278,,,,,,
400,4,2017-11-02T13:29:39.920Z,1370.0,36.0,9.41176509857,,,7.30999994278,,,,,,
401,4,2017-11-02T13:29:40.820Z,1370.0,32.0,9.41176509857,,,7.30999994278,,,,,,
402,4,2017-11-02T13:29:41.920Z,983.0,27.0,9.41176509857,,,7.13999986649,,,,,,
403,4,2017-11-02T13:29:42.920Z,983.0,19.0,9.41176509857,,,7.13999986649,,,,,,
404,4,2017-11-02T13:29:43.920Z,964.0,11.0,9.41176509857,,,9.35000038147,,,,,,
405,4,2017-11-02T13:29:45.020Z,964.0,4.0,9.41176509857,,,9.35000038147,,,,,,
406,4,2017-11-02T13:29:45.120Z,964.0,4.0,23.137254715,,,9.35000038147,,,,,,
407,4,2017-11-02T13:29:45.220Z,707.0,4.0,23.137254715,,,9.35000038147,,,,,,
408,4,2017-11-02T13:29:45.320Z,707.0,4.0,23.137254715,,,8.14000034332,,,,,,
409,4,2017-11-02T13:29:45.420Z,707.0,4.0,19.2156867981,,,8.14000034332,,,,,,
410,4,2017-11-02T13:29:46.020Z,707.0,0.0,19.2156867981,,,8.14000034332,,,,,,
411,4,2017-11-02T13:29:47.220Z,638.0,0.0,19.2156867981,,,8.14000034332,,,,,,
412,4,2017-11-02T13:29:48.320Z,850.0,0.0,19.2156867981,,,8.14000034332,,,,,,
413,4,2017-11-02T13:29:48.420Z,850.0,0.0,19.2156867981,,,10.5799999237,,,,,,
414,4,2017-11-02T13:29:48.520Z,850.0,0.0,20.392156601,,,10.5799999237,,,,,,
415,4,2017-11-02T13:29:49.120Z,850.0,6.0,20.392156601,,,10.5799999237,,,,,,
416,4,2017-11-02T13:29:50.220Z,850.0,6.0,20.392156601,,,10.5799999237,,,,,,
417,4,2017-11-02T13:29:50.320Z,928.0,6.0,20.392156601,,,10.5799999237,,,,,,
418,4,2017-11-02T13:29:50.420Z,928.0,6.0,20.392156601,,,11.0,,,,,,
419,4,2017-11-02T13:29:51.220Z,928.0,8.0,20.392156601,,,11.0,,,,,,
420,4,2017-11-02T13:29:52.320Z,722.0,6.0,20.392156601,,,11.0,,,,,,
421,4,2017-11-02T13:29:52.420Z,722.0,6.0,20.392156601,,,9.13000011444,,,,,,
422,4,2017-11-02T13:29:53.320Z,722.0,1.0,20.392156601,,,9.13000011444,,,,,,
423,4,2017-11-02T13:29:53.420Z,658.0,1.0,20.392156601,,,7.13999986649,,,,,,
424,4,2017-11-02T13:29:53.520Z,658.0,1.0,18.4313735962,,,7.13999986649,,,,,,
425,4,2017-11-02T13:29:54.120Z,658.0,0.0,18.4313735962,,,7.13999986649,,,,,,
426,4,2017-11-02T13:29:55.420Z,629.0,0.0,18.4313735962,,,7.13999986649,,,,,,
427,4,2017-11-02T13:29:57.220Z,629.0,0.0,18.4313735962,,,7.13999986649,,,,,,
428,4,2017-11-02T13:29:57.320Z,653.0,0.0,18.4313735962,,,7.13999986649,,,,,,
429,4,2017-11-02T13:29:57.420Z,653.0,0.0,27.4509811401,,,11.7100000381,,,,,,
430,4,2017-11-02T13:29:58.020Z,653.0,4.0,27.4509811401,,,11.7100000381,,,,,,
431,4,2017-11-02T13:29:59.320Z,839.0,4.0,27.4509811401,,,11.7100000381,,,,,,
432,4,2017-11-02T13:29:59.420Z,839.0,4.0,27.4509811401,,,10.6099996567,,,,,,
433,4,2017-11-02T13:30:00.120Z,839.0,7.0,27.4509811401,,,10.6099996567,,,,,,
434,4,2017-11-02T13:30:01.120Z,839.0,9.0,27.4509811401,,,10.6099996567,,,,,,
435,4,2017-11-02T13:30:01.320Z,993.0,9.0,27.4509811401,,,10.6099996567,,,,,,
436,4,2017-11-02T13:30:01.420Z,993.0,9.0,27.4509811401,,,9.02000045776,,,,,,
437,4,2017-11-02T13:30:02.220Z,993.0,8.0,27.4509811401,,,9.02000045776,,,,,,
438,4,2017-11-02T13:30:02.520Z,993.0,8.0,18.0392150879,,,9.02000045776,,,,,,
439,4,2017-11-02T13:30:03.220Z,993.0,4.0,18.0392150879,,,9.02000045776,,,,,,
440,4,2017-11-02T13:30:03.320Z,753.0,4.0,18.0392150879,,,9.02000045776,,,,,,
441,4,2017-11-02T13:30:03.420Z,753.0,4.0,18.0392150879,,,9.69999980927,,,,,,
442,4,2017-11-02T13:30:04.320Z,753.0,6.0,18.0392150879,,,9.69999980927,,,,,,
443,4,2017-11-02T13:30:05.320Z,1748.0,13.0,18.0392150879,,,9.69999980927,,,,,,
444,4,2017-11-02T13:30:05.420Z,1748.0,13.0,18.0392150879,,,44.8600006104,,,,,,
445,4,2017-11-02T13:30:06.320Z,1748.0,19.0,18.0392150879,,,44.8600006104,,,,,,
446,4,2017-11-02T13:30:07.420Z,1775.0,24.0,18.0392150879,,,44.4700012207,,,,,,
447,4,2017-11-02T13:30:07.520Z,1775.0,24.0,43.1372566223,,,44.4700012207,,,,,,
448,4,2017-11-02T13:30:08.420Z,1775.0,29.0,43.1372566223,,,44.4700012207,,,,,,
449,4,2017-11-02T13:30:09.520Z,1372.0,31.0,43.1372566223,,,14.5,,,,,,
450,4,2017-11-02T13:30:11.520Z,1008.0,28.0,43.1372566223,,,7.03999996185,,,,,,
451,4,2017-11-02T13:30:13.320Z,1008.0,23.0,11.372549057,,,7.03999996185,,,,,,
452,4,2017-11-02T13:30:13.520Z,896.0,23.0,11.372549057,,,9.07999992371,,,,,,
453,4,2017-11-02T13:30:14.320Z,896.0,10.0,11.372549057,,,9.07999992371,,,,,,
454,4,2017-11-02T13:30:15.420Z,896.0,7.0,11.372549057,,,9.07999992371,,,,,,
455,4,2017-11-02T13:30:15.520Z,942.0,7.0,11.372549057,,,12.1000003815,,,,,,
456,4,2017-11-02T13:30:17.420Z,942.0,8.0,11.372549057,,,12.1000003815,,,,,,
457,4,2017-11-02T13:30:17.520Z,872.0,8.0,11.372549057,,,10.3100004196,,,,,,
458,4,2017-11-02T13:30:18.320Z,872.0,8.0,21.1764717102,,,10.3100004196,,,,,,
459,4,2017-11-02T13:30:19.620Z,995.0,8.0,21.1764717102,,,12.0,,,,,,
460,4,2017-11-02T13:30:21.620Z,823.0,7.0,21.1764717102,,,8.03999996185,,,,,,
461,4,2017-11-02T13:30:22.720Z,823.0,3.0,21.1764717102,,,8.03999996185,,,,,,
462,4,2017-11-02T13:30:23.720Z,763.0,3.0,22.3529415131,,,10.0900001526,,,,,,
463,4,2017-11-02T13:30:24.820Z,763.0,6.0,22.3529415131,,,10.0900001526,,,,,,
464,4,2017-11-02T13:30:25.820Z,796.0,5.0,22.3529415131,,,7.07999992371,,,,,,
465,4,2017-11-02T13:30:27.920Z,687.0,2.0,22.3529415131,,,7.96999979019,,,,,,
466,4,2017-11-02T13:30:28.020Z,636.0,2.0,22.3529415131,,,7.96999979019,,,,,,
467,4,2017-11-02T13:30:28.120Z,636.0,2.0,22.3529415131,,,6.71000003815,,,,,,
468,4,2017-11-02T13:30:28.220Z,636.0,2.0,18.0392150879,,,6.71000003815,,,,,,
469,4,2017-11-02T13:30:28.720Z,636.0,0.0,18.0392150879,,,6.71000003815,,,,,,
470,4,2017-11-02T13:30:30.020Z,604.0,0.0,18.0392150879,,,6.71000003815,,,,,,
471,4,2017-11-02T13:30:32.020Z,591.0,0.0,18.0392150879,,,6.71000003815,,,,,,
472,4,2017-11-02T13:30:33.120Z,591.0,0.0,18.0392150879,,,6.09999990463,,,,,,
473,4,2017-11-02T13:30:33.220Z,591.0,0.0,17.254901886,,,6.09999990463,,,,,,
474,4,2017-11-02T13:30:33.920Z,591.0,0.0,17.254901886,,,6.09999990463,,,,,,
475,4,2017-11-02T13:30:34.020Z,1061.0,0.0,17.254901886,,,6.09999990463,,,,,,
476,4,2017-11-02T13:30:34.120Z,1061.0,0.0,17.254901886,,,19.1200008392,,,,,,
477,4,2017-11-02T13:30:34.220Z,1061.0,0.0,30.1960792542,,,19.1200008392,,,,,,
478,4,2017-11-02T13:30:34.720Z,1061.0,7.0,30.1960792542,,,19.1200008392,,,,,,
479,4,2017-11-02T13:30:36.020Z,1219.0,7.0,30.1960792542,,,19.1200008392,,,,,,
480,4,2017-11-02T13:30:36.120Z,1219.0,7.0,30.1960792542,,,23.5900001526,,,,,,
481,4,2017-11-02T13:30:36.820Z,1219.0,10.0,30.1960792542,,,23.5900001526,,,,,,
482,4,2017-11-02T13:30:37.920Z,1219.0,9.0,30.1960792542,,,23.5900001526,,,,,,
483,4,2017-11-02T13:30:38.020Z,903.0,9.0,30.1960792542,,,23.5900001526,,,,,,
484,4,2017-11-02T13:30:38.120Z,903.0,9.0,30.1960792542,,,9.35000038147,,,,,,
485,4,2017-11-02T13:30:38.920Z,903.0,5.0,30.1960792542,,,9.35000038147,,,,,,
486,4,2017-11-02T13:30:39.020Z,903.0,5.0,30.1960792542,,,9.35000038147,,,,,,
487,4,2017-11-02T13:30:39.220Z,903.0,5.0,21.5686283112,,,9.35000038147,,,,,,
488,4,2017-11-02T13:30:39.920Z,903.0,3.0,21.5686283112,,,9.35000038147,,,,,,
489,4,2017-11-02T13:30:40.020Z,704.0,3.0,21.5686283112,,,9.35000038147,,,,,,
490,4,2017-11-02T13:30:40.120Z,704.0,3.0,21.5686283112,,,8.5,,,,,,
491,4,2017-11-02T13:30:40.220Z,704.0,3.0,20.392156601,,,8.5,,,,,,
492,4,2017-11-02T13:30:40.720Z,704.0,0.0,20.392156601,,,8.5,,,,,,
493,4,2017-11-02T13:30:41.820Z,669.0,0.0,20.392156601,,,8.5,,,,,,
494,4,2017-11-02T13:30:41.920Z,669.0,0.0,20.392156601,,,7.59000015259,,,,,,
495,4,2017-11-02T13:30:42.020Z,669.0,0.0,18.8235301971,,,7.59000015259,,,,,,
496,4,2017-11-02T13:30:42.620Z,669.0,1.0,18.8235301971,,,7.59000015259,,,,,,
497,4,2017-11-02T13:30:43.720Z,640.0,1.0,18.8235301971,,,7.59000015259,,,,,,
498,4,2017-11-02T13:30:43.820Z,640.0,1.0,18.4313735962,,,7.13999986649,,,,,,
499,4,2017-11-02T13:30:44.420Z,640.0,0.0,18.4313735962,,,7.13999986649,,,,,,
500,4,2017-11-02T13:30:45.520Z,998.0,0.0,18.4313735962,,,7.13999986649,,,,,,
501,4,2017-11-02T13:30:45.620Z,998.0,0.0,18.4313735962,,,20.2800006866,,,,,,
502,4,2017-11-02T13:30:45.720Z,998.0,0.0,34.1176490784,,,20.2800006866,,,,,,
503,4,2017-11-02T13:30:46.320Z,998.0,8.0,34.1176490784,,,20.2800006866,,,,,,
504,4,2017-11-02T13:30:47.520Z,1340.0,8.0,34.1176490784,,,20.2800006866,,,,,,
505,5,2017-11-02T13:51:53.106Z,1239.0,16.0,21.9607849121,,,6.69999980927,,,,,,
506,5,2017-11-02T13:51:54.106Z,1239.0,19.0,21.9607849121,,,6.69999980927,,,,,,
507,5,2017-11-02T13:51:54.706Z,1028.0,19.0,21.9607849121,,,10.6599998474,,,,,,
508,5,2017-11-02T13:51:55.206Z,1028.0,22.0,21.9607849121,,,10.6599998474,,,,,,
509,5,2017-11-02T13:51:55.706Z,1028.0,22.0,81.1764755249,,,10.6599998474,,,,,,
510,5,2017-11-02T13:51:56.206Z,1028.0,26.0,81.1764755249,,,10.6599998474,,,,,,
511,5,2017-11-02T13:51:56.806Z,1395.0,26.0,81.1764755249,,,16.0799999237,,,,,,
512,5,2017-11-02T13:51:57.206Z,1395.0,29.0,81.1764755249,,,16.0799999237,,,,,,
513,5,2017-11-02T13:51:57.806Z,1395.0,29.0,81.1764755249,,,16.0799999237,,,,,,
514,5,2017-11-02T13:51:58.306Z,1395.0,31.0,81.1764755249,,,16.0799999237,,,,,,
515,5,2017-11-02T13:51:58.906Z,1742.0,31.0,81.1764755249,,,15.6000003815,,,,,,
516,5,2017-11-02T13:52:00.406Z,1742.0,32.0,81.1764755249,,,15.6000003815,,,,,,
517,5,2017-11-02T13:52:00.906Z,1268.0,32.0,63.5294113159,,,11.8000001907,,,,,,
518,5,2017-11-02T13:52:01.406Z,1268.0,33.0,63.5294113159,,,11.8000001907,,,,,,
519,5,2017-11-02T13:52:03.006Z,1883.0,33.0,63.5294113159,,,4.63999986649,,,,,,
520,5,2017-11-02T13:52:03.506Z,1883.0,32.0,63.5294113159,,,4.63999986649,,,,,,
521,5,2017-11-02T13:52:04.506Z,1883.0,31.0,63.5294113159,,,4.63999986649,,,,,,
522,5,2017-11-02T13:52:05.106Z,1544.0,31.0,63.5294113159,,,4.48000001907,,,,,,
523,5,2017-11-02T13:52:05.506Z,1544.0,29.0,63.5294113159,,,4.48000001907,,,,,,
524,5,2017-11-02T13:52:06.106Z,1544.0,29.0,20.7843132019,,,4.48000001907,,,,,,
525,5,2017-11-02T13:52:06.606Z,1544.0,26.0,20.7843132019,,,4.48000001907,,,,,,
526,5,2017-11-02T13:52:07.206Z,1381.0,26.0,20.7843132019,,,4.59999990463,,,,,,
527,5,2017-11-02T13:52:07.606Z,1381.0,20.0,20.7843132019,,,4.59999990463,,,,,,
528,5,2017-11-02T13:52:08.206Z,1381.0,20.0,20.7843132019,,,4.59999990463,,,,,,
529,5,2017-11-02T13:52:08.706Z,1381.0,14.0,20.7843132019,,,4.59999990463,,,,,,
530,5,2017-11-02T13:52:09.206Z,1330.0,14.0,20.7843132019,,,4.59999990463,,,,,,
531,5,2017-11-02T13:52:09.306Z,1330.0,14.0,20.7843132019,,,4.51999998093,,,,,,
532,5,2017-11-02T13:52:09.706Z,1330.0,9.0,20.7843132019,,,4.51999998093,,,,,,
533,5,2017-11-02T13:52:11.306Z,1124.0,9.0,101.568626404,,,9.53999996185,,,,,,
534,5,2017-11-02T13:52:11.806Z,1124.0,13.0,101.568626404,,,9.53999996185,,,,,,
535,5,2017-11-02T13:52:12.806Z,1124.0,18.0,101.568626404,,,9.53999996185,,,,,,
536,5,2017-11-02T13:52:13.406Z,1367.0,18.0,101.568626404,,,15.7899999619,,,,,,
537,5,2017-11-02T13:52:13.906Z,1367.0,23.0,101.568626404,,,15.7899999619,,,,,,
538,5,2017-11-02T13:52:14.906Z,1367.0,24.0,101.568626404,,,15.7899999619,,,,,,
539,5,2017-11-02T13:52:16.206Z,1752.0,24.0,101.568626404,,,12.8999996185,,,,,,
540,5,2017-11-02T13:52:16.406Z,1752.0,24.0,79.2156906128,,,12.8999996185,,,,,,
541,5,2017-11-02T13:52:17.206Z,1752.0,27.0,79.2156906128,,,12.8999996185,,,,,,
542,5,2017-11-02T13:52:18.206Z,1661.0,27.0,79.2156906128,,,15.6899995804,,,,,,
543,5,2017-11-02T13:52:18.306Z,1661.0,30.0,79.2156906128,,,15.6899995804,,,,,,
544,5,2017-11-02T13:52:18.406Z,1661.0,30.0,79.2156906128,,,15.6899995804,,,,,,
545,5,2017-11-02T13:52:19.306Z,1661.0,35.0,79.2156906128,,,15.6899995804,,,,,,
546,5,2017-11-02T13:52:20.206Z,1938.0,35.0,79.2156906128,,,14.6400003433,,,,,,
547,5,2017-11-02T13:52:21.406Z,1938.0,37.0,36.8627471924,,,14.6400003433,,,,,,
548,5,2017-11-02T13:52:22.206Z,1466.0,37.0,36.8627471924,,,7.78999996185,,,,,,
549,5,2017-11-02T13:52:22.406Z,1466.0,39.0,36.8627471924,,,7.78999996185,,,,,,
550,5,2017-11-02T13:52:23.506Z,1466.0,39.0,36.8627471924,,,7.78999996185,,,,,,
551,5,2017-11-02T13:52:24.306Z,1642.0,39.0,36.8627471924,,,7.78999996185,,,,,,
552,5,2017-11-02T13:52:24.506Z,1642.0,41.0,36.8627471924,,,7.78999996185,,,,,,
553,5,2017-11-02T13:52:25.606Z,1642.0,43.0,36.8627471924,,,7.78999996185,,,,,,
554,5,2017-11-02T13:52:26.606Z,1781.0,43.0,25.882352829,,,6.90999984741,,,,,,
555,5,2017-11-02T13:52:26.706Z,1781.0,44.0,25.882352829,,,6.90999984741,,,,,,
556,5,2017-11-02T13:52:27.706Z,1781.0,46.0,25.882352829,,,6.90999984741,,,,,,
557,5,2017-11-02T13:52:28.706Z,1434.0,46.0,25.882352829,,,6.69999980927,,,,,,
558,5,2017-11-02T13:52:28.806Z,1434.0,48.0,25.882352829,,,6.69999980927,,,,,,
559,5,2017-11-02T13:52:30.906Z,1506.0,48.0,25.882352829,,,10.3500003815,,,,,,
560,5,2017-11-02T13:52:31.006Z,1506.0,50.0,25.882352829,,,10.3500003815,,,,,,
561,5,2017-11-02T13:52:32.006Z,1506.0,50.0,45.8823547363,,,10.3500003815,,,,,,
562,5,2017-11-02T13:52:33.006Z,1534.0,50.0,45.8823547363,,,17.4099998474,,,,,,
563,5,2017-11-02T13:52:34.106Z,1534.0,50.0,45.8823547363,,,17.4099998474,,,,,,
564,5,2017-11-02T13:52:35.106Z,1517.0,50.0,45.8823547363,,,18.9699993134,,,,,,
565,5,2017-11-02T13:52:36.206Z,1517.0,49.0,45.8823547363,,,18.9699993134,,,,,,
566,5,2017-11-02T13:52:37.206Z,1475.0,48.0,80.7843170166,,,18.3299999237,,,,,,
567,5,2017-11-02T13:52:38.306Z,1475.0,47.0,80.7843170166,,,18.3299999237,,,,,,
568,5,2017-11-02T13:52:39.206Z,1414.0,47.0,80.7843170166,,,18.3299999237,,,,,,
569,5,2017-11-02T13:52:39.306Z,1414.0,46.0,80.7843170166,,,11.6599998474,,,,,,
570,5,2017-11-02T13:52:40.306Z,1414.0,44.0,80.7843170166,,,11.6599998474,,,,,,
571,5,2017-11-02T13:52:41.306Z,1300.0,44.0,80.7843170166,,,8.36999988556,,,,,,
572,5,2017-11-02T13:52:41.406Z,1300.0,43.0,80.7843170166,,,8.36999988556,,,,,,
573,5,2017-11-02T13:52:42.406Z,1300.0,41.0,36.0784301758,,,8.36999988556,,,,,,
574,5,2017-11-02T13:52:43.406Z,1221.0,41.0,36.0784301758,,,6.15000009537,,,,,,
575,5,2017-11-02T13:52:43.506Z,1221.0,40.0,36.0784301758,,,6.15000009537,,,,,,
576,5,2017-11-02T13:52:44.506Z,1221.0,40.0,36.0784301758,,,6.15000009537,,,,,,
577,5,2017-11-02T13:52:45.506Z,1216.0,40.0,36.0784301758,,,3.54999995232,,,,,,
578,5,2017-11-02T13:52:47.606Z,1236.0,40.0,20.0,,,3.70000004768,,,,,,
579,5,2017-11-02T13:52:48.706Z,1236.0,42.0,20.0,,,3.70000004768,,,,,,
580,5,2017-11-02T13:52:49.606Z,1292.0,42.0,20.0,,,3.70000004768,,,,,,
581,5,2017-11-02T13:52:49.706Z,1292.0,42.0,20.0,,,3.6099998951,,,,,,
582,5,2017-11-02T13:52:50.806Z,1292.0,43.0,20.0,,,3.6099998951,,,,,,
583,5,2017-11-02T13:52:51.706Z,1337.0,43.0,20.0,,,3.49000000954,,,,,,
584,5,2017-11-02T13:52:52.806Z,1337.0,45.0,16.4705886841,,,3.49000000954,,,,,,
585,5,2017-11-02T13:52:53.806Z,1380.0,45.0,16.4705886841,,,2.93000006676,,,,,,
586,5,2017-11-02T13:52:54.806Z,1380.0,45.0,16.4705886841,,,2.93000006676,,,,,,
587,5,2017-11-02T13:52:54.906Z,1380.0,46.0,16.4705886841,,,2.93000006676,,,,,,
588,5,2017-11-02T13:52:55.906Z,1402.0,46.0,16.4705886841,,,2.96000003815,,,,,,
589,5,2017-11-02T13:52:56.006Z,1402.0,45.0,16.4705886841,,,2.96000003815,,,,,,
590,5,2017-11-02T13:52:58.006Z,1372.0,45.0,14.509803772,,,2.99000000954,,,,,,
591,5,2017-11-02T13:53:00.106Z,1383.0,45.0,14.509803772,,,2.93000006676,,,,,,
592,5,2017-11-02T13:53:01.206Z,1383.0,47.0,14.509803772,,,2.93000006676,,,,,,
593,5,2017-11-02T13:53:02.206Z,1436.0,47.0,14.509803772,,,2.96000003815,,,,,,
594,5,2017-11-02T13:53:03.206Z,1436.0,47.0,14.117647171,,,2.96000003815,,,,,,
595,5,2017-11-02T13:53:03.306Z,1436.0,48.0,14.117647171,,,2.96000003815,,,,,,
596,5,2017-11-02T13:53:04.206Z,1507.0,48.0,14.117647171,,,2.96000003815,,,,,,
597,5,2017-11-02T13:53:04.306Z,1507.0,49.0,14.117647171,,,3.24000000954,,,,,,
598,5,2017-11-02T13:53:05.306Z,1507.0,49.0,14.117647171,,,3.24000000954,,,,,,
599,5,2017-11-02T13:53:05.406Z,1507.0,51.0,14.117647171,,,3.24000000954,,,,,,
600,5,2017-11-02T13:53:06.406Z,1557.0,51.0,14.117647171,,,3.29999995232,,,,,,
601,5,2017-11-02T13:53:08.606Z,1022.0,51.0,23.5294113159,,,4.09000015259,,,,,,
602,5,2017-11-02T13:53:10.706Z,1232.0,52.0,23.5294113159,,,3.6099998951,,,,,,
603,5,2017-11-02T13:53:11.806Z,1232.0,53.0,23.5294113159,,,3.6099998951,,,,,,
604,5,2017-11-02T13:53:12.806Z,1226.0,53.0,23.5294113159,,,3.54999995232,,,,,,
605,5,2017-11-02T13:53:13.806Z,1226.0,53.0,18.8235301971,,,3.54999995232,,,,,,
606,5,2017-11-02T13:53:13.906Z,1226.0,52.0,18.8235301971,,,3.54999995232,,,,,,
607,5,2017-11-02T13:53:14.806Z,1222.0,52.0,18.8235301971,,,3.54999995232,,,,,,
608,5,2017-11-02T13:53:14.906Z,1222.0,48.0,18.8235301971,,,3.6400001049,,,,,,
609,5,2017-11-02T13:53:15.906Z,1222.0,48.0,18.8235301971,,,3.6400001049,,,,,,
610,5,2017-11-02T13:53:16.906Z,1106.0,48.0,18.8235301971,,,3.6099998951,,,,,,
611,5,2017-11-02T13:53:17.006Z,1106.0,44.0,18.8235301971,,,3.6099998951,,,,,,
612,5,2017-11-02T13:53:18.006Z,1106.0,36.0,18.8235301971,,,3.6099998951,,,,,,
613,5,2017-11-02T13:53:18.806Z,1106.0,36.0,20.7843132019,,,3.6099998951,,,,,,
614,5,2017-11-02T13:53:18.906Z,1125.0,36.0,20.7843132019,,,3.51999998093,,,,,,
615,5,2017-11-02T13:53:19.106Z,1125.0,29.0,20.7843132019,,,3.51999998093,,,,,,
616,5,2017-11-02T13:53:20.106Z,1125.0,19.0,20.7843132019,,,3.51999998093,,,,,,
617,5,2017-11-02T13:53:20.906Z,1093.0,19.0,20.7843132019,,,3.49000000954,,,,,,
618,5,2017-11-02T13:53:21.206Z,1093.0,10.0,20.7843132019,,,3.49000000954,,,,,,
619,5,2017-11-02T13:53:21.806Z,1123.0,10.0,20.7843132019,,,3.49000000954,,,,,,
620,5,2017-11-02T13:53:21.906Z,1123.0,10.0,20.7843132019,,,3.42000007629,,,,,,
621,5,2017-11-02T13:53:22.006Z,1123.0,10.0,23.9215698242,,,3.42000007629,,,,,,
622,5,2017-11-02T13:53:22.506Z,1123.0,0.0,23.9215698242,,,3.42000007629,,,,,,
623,5,2017-11-02T13:53:23.806Z,1107.0,0.0,23.9215698242,,,3.42000007629,,,,,,
624,5,2017-11-02T13:53:24.706Z,1673.0,0.0,23.9215698242,,,3.42000007629,,,,,,
625,5,2017-11-02T13:53:24.806Z,1673.0,0.0,67.0588226318,,,16.6499996185,,,,,,
626,5,2017-11-02T13:53:25.406Z,1673.0,15.0,67.0588226318,,,16.6499996185,,,,,,
627,5,2017-11-02T13:53:26.006Z,1673.0,15.0,67.0588226318,,,16.6499996185,,,,,,
628,5,2017-11-02T13:53:26.706Z,2371.0,15.0,67.0588226318,,,4.94000005722,,,,,,
629,5,2017-11-02T13:53:27.506Z,2371.0,18.0,67.0588226318,,,4.94000005722,,,,,,
630,5,2017-11-02T13:53:28.506Z,2371.0,23.0,67.0588226318,,,4.94000005722,,,,,,
631,5,2017-11-02T13:53:28.706Z,1998.0,23.0,67.0588226318,,,24.3199996948,,,,,,
632,5,2017-11-02T13:53:29.606Z,1998.0,30.0,67.0588226318,,,24.3199996948,,,,,,
633,5,2017-11-02T13:53:29.906Z,1998.0,30.0,14.9019613266,,,24.3199996948,,,,,,
634,5,2017-11-02T13:53:30.606Z,1998.0,31.0,14.9019613266,,,24.3199996948,,,,,,
635,5,2017-11-02T13:53:30.706Z,1708.0,31.0,14.9019613266,,,21.3299999237,,,,,,
636,5,2017-11-02T13:53:31.006Z,1708.0,31.0,14.9019613266,,,21.3299999237,,,,,,
637,5,2017-11-02T13:53:31.706Z,1708.0,33.0,14.9019613266,,,21.3299999237,,,,,,
638,5,2017-11-02T13:53:32.706Z,2036.0,36.0,14.9019613266,,,25.9899997711,,,,,,
639,5,2017-11-02T13:53:33.706Z,2036.0,39.0,14.9019613266,,,25.9899997711,,,,,,
640,5,2017-11-02T13:53:34.806Z,2612.0,41.0,14.9019613266,,,5.82000017166,,,,,,
641,5,2017-11-02T13:53:34.906Z,2612.0,41.0,15.2941179276,,,5.82000017166,,,,,,
642,5,2017-11-02T13:53:36.006Z,2612.0,41.0,15.2941179276,,,5.82000017166,,,,,,
643,5,2017-11-02T13:53:36.806Z,2612.0,42.0,15.2941179276,,,5.82000017166,,,,,,
644,5,2017-11-02T13:53:36.906Z,1693.0,42.0,15.2941179276,,,22.0100002289,,,,,,
645,5,2017-11-02T13:53:37.906Z,1693.0,43.0,15.2941179276,,,22.0100002289,,,,,,
646,5,2017-11-02T13:53:38.906Z,1793.0,44.0,15.2941179276,,,20.5300006866,,,,,,
647,5,2017-11-02T13:53:40.006Z,1793.0,45.0,76.8627471924,,,20.5300006866,,,,,,
648,5,2017-11-02T13:53:41.106Z,1874.0,47.0,76.8627471924,,,24.4500007629,,,,,,
649,5,2017-11-02T13:53:43.206Z,1874.0,48.0,76.8627471924,,,24.4500007629,,,,,,
650,5,2017-11-02T13:53:43.306Z,1893.0,48.0,76.8627471924,,,4.21000003815,,,,,,
651,5,2017-11-02T13:53:44.306Z,1893.0,46.0,76.8627471924,,,4.21000003815,,,,,,
652,5,2017-11-02T13:53:45.406Z,1799.0,45.0,27.8431377411,,,11.8800001144,,,,,,
653,5,2017-11-02T13:53:46.506Z,1799.0,44.0,27.8431377411,,,11.8800001144,,,,,,
654,5,2017-11-02T13:53:47.606Z,1665.0,42.0,27.8431377411,,,3.6400001049,,,,,,
655,5,2017-11-02T13:53:48.606Z,1665.0,40.0,27.8431377411,,,3.6400001049,,,,,,
656,5,2017-11-02T13:53:49.606Z,1665.0,39.0,27.8431377411,,,3.6400001049,,,,,,
657,5,2017-11-02T13:53:49.706Z,1561.0,39.0,27.8431377411,,,3.32999992371,,,,,,
658,5,2017-11-02T13:53:50.706Z,1561.0,39.0,14.117647171,,,3.32999992371,,,,,,
659,5,2017-11-02T13:53:51.706Z,1590.0,40.0,14.117647171,,,3.3900001049,,,,,,
660,5,2017-11-02T13:53:52.806Z,1590.0,41.0,14.117647171,,,3.3900001049,,,,,,
661,5,2017-11-02T13:53:53.806Z,1613.0,40.0,14.117647171,,,3.42000007629,,,,,,
662,5,2017-11-02T13:53:55.906Z,814.0,38.0,25.0980396271,,,2.96000003815,,,,,,
663,5,2017-11-02T13:53:56.906Z,814.0,30.0,25.0980396271,,,2.96000003815,,,,,,
664,5,2017-11-02T13:53:58.006Z,866.0,21.0,25.0980396271,,,2.93000006676,,,,,,
665,5,2017-11-02T13:53:59.006Z,866.0,13.0,25.0980396271,,,2.93000006676,,,,,,
666,5,2017-11-02T13:54:00.106Z,975.0,9.0,25.0980396271,,,7.11000013351,,,,,,
667,5,2017-11-02T13:54:01.106Z,975.0,12.0,61.1764717102,,,7.11000013351,,,,,,
668,5,2017-11-02T13:54:02.106Z,1442.0,18.0,61.1764717102,,,9.72999954224,,,,,,
669,5,2017-11-02T13:54:03.206Z,1442.0,20.0,61.1764717102,,,9.72999954224,,,,,,
670,5,2017-11-02T13:54:04.206Z,1935.0,24.0,61.1764717102,,,21.5599994659,,,,,,
671,5,2017-11-02T13:54:05.206Z,1935.0,27.0,61.1764717102,,,21.5599994659,,,,,,
672,5,2017-11-02T13:54:06.306Z,1553.0,30.0,85.0980377197,,,20.9899997711,,,,,,
673,5,2017-11-02T13:54:07.306Z,1553.0,32.0,85.0980377197,,,20.9899997711,,,,,,
674,5,2017-11-02T13:54:08.406Z,1930.0,35.0,85.0980377197,,,21.8999996185,,,,,,
675,5,2017-11-02T13:54:09.406Z,1930.0,38.0,85.0980377197,,,21.8999996185,,,,,,
676,5,2017-11-02T13:54:10.506Z,2254.0,41.0,85.0980377197,,,26.5100002289,,,,,,
677,5,2017-11-02T13:54:11.506Z,2254.0,44.0,80.3921585083,,,26.5100002289,,,,,,
678,5,2017-11-02T13:54:12.506Z,2623.0,48.0,80.3921585083,,,33.0400009155,,,,,,
679,5,2017-11-02T13:54:13.606Z,2623.0,50.0,80.3921585083,,,33.0400009155,,,,,,
680,5,2017-11-02T13:54:14.606Z,1960.0,48.0,80.3921585083,,,23.5400009155,,,,,,
681,5,2017-11-02T13:54:15.706Z,1960.0,51.0,80.3921585083,,,23.5400009155,,,,,,
682,5,2017-11-02T13:54:16.706Z,2119.0,53.0,76.8627471924,,,23.9300003052,,,,,,
683,5,2017-11-02T13:54:17.606Z,2119.0,53.0,76.8627471924,,,23.9300003052,,,,,,
684,5,2017-11-02T13:54:18.306Z,2119.0,55.0,76.8627471924,,,23.9300003052,,,,,,
685,5,2017-11-02T13:54:19.206Z,2135.0,55.0,76.8627471924,,,23.9300003052,,,,,,
686,5,2017-11-02T13:54:19.306Z,2135.0,54.0,76.8627471924,,,4.63999986649,,,,,,
687,5,2017-11-02T13:54:20.406Z,2135.0,52.0,76.8627471924,,,4.63999986649,,,,,,
688,5,2017-11-02T13:54:21.406Z,1569.0,52.0,76.8627471924,,,9.17000007629,,,,,,
689,5,2017-11-02T13:54:21.506Z,1569.0,51.0,76.8627471924,,,9.17000007629,,,,,,
690,5,2017-11-02T13:54:21.706Z,1569.0,51.0,20.7843132019,,,9.17000007629,,,,,,
691,5,2017-11-02T13:54:22.706Z,1569.0,51.0,20.7843132019,,,9.17000007629,,,,,,
692,5,2017-11-02T13:54:23.606Z,1607.0,51.0,20.7843132019,,,5.11000013351,,,,,,
693,5,2017-11-02T13:54:23.706Z,1607.0,52.0,20.7843132019,,,5.11000013351,,,,,,
694,5,2017-11-02T13:54:24.706Z,1607.0,54.0,20.7843132019,,,5.11000013351,,,,,,
695,5,2017-11-02T13:54:25.706Z,1642.0,54.0,20.7843132019,,,5.69000005722,,,,,,
696,5,2017-11-02T13:54:26.806Z,1642.0,54.0,24.3137264252,,,5.69000005722,,,,,,
697,5,2017-11-02T13:54:27.806Z,1637.0,54.0,24.3137264252,,,6.80000019073,,,,,,
698,5,2017-11-02T13:54:28.906Z,1637.0,53.0,24.3137264252,,,6.80000019073,,,,,,
699,5,2017-11-02T13:54:29.906Z,1630.0,53.0,24.3137264252,,,6.65000009537,,,,,,
700,5,2017-11-02T13:54:31.006Z,1630.0,55.0,24.3137264252,,,6.65000009537,,,,,,
701,5,2017-11-02T13:54:32.006Z,1685.0,55.0,14.509803772,,,3.6400001049,,,,,,
702,5,2017-11-02T13:54:33.006Z,1685.0,55.0,14.509803772,,,3.6400001049,,,,,,
703,5,2017-11-02T13:54:33.106Z,1685.0,56.0,14.509803772,,,3.6400001049,,,,,,
704,5,2017-11-02T13:54:34.006Z,1746.0,56.0,14.509803772,,,3.6400001049,,,,,,
705,5,2017-11-02T13:54:34.106Z,1746.0,57.0,14.509803772,,,3.57999992371,,,,,,
706,5,2017-11-02T13:54:36.106Z,1708.0,57.0,14.509803772,,,3.6099998951,,,,,,
707,5,2017-11-02T13:54:36.206Z,1708.0,56.0,14.509803772,,,3.6099998951,,,,,,
708,5,2017-11-02T13:54:37.206Z,1708.0,55.0,14.509803772,,,3.6099998951,,,,,,
709,5,2017-11-02T13:54:38.206Z,1628.0,55.0,14.509803772,,,3.51999998093,,,,,,
710,5,2017-11-02T13:54:38.306Z,1628.0,53.0,14.509803772,,,3.51999998093,,,,,,
711,5,2017-11-02T13:54:40.306Z,1637.0,53.0,14.509803772,,,3.54999995232,,,,,,
712,5,2017-11-02T13:54:40.406Z,1637.0,54.0,14.509803772,,,3.54999995232,,,,,,
713,5,2017-11-02T13:54:41.406Z,1637.0,55.0,14.509803772,,,3.54999995232,,,,,,
714,5,2017-11-02T13:54:42.406Z,1720.0,56.0,14.509803772,,,3.67000007629,,,,,,
715,5,2017-11-02T13:54:43.406Z,1720.0,56.0,14.509803772,,,3.67000007629,,,,,,
716,5,2017-11-02T13:54:43.506Z,1720.0,58.0,14.509803772,,,3.67000007629,,,,,,
717,5,2017-11-02T13:54:44.406Z,1777.0,58.0,14.509803772,,,3.67000007629,,,,,,
718,5,2017-11-02T13:54:44.506Z,1777.0,58.0,14.509803772,,,3.75999999046,,,,,,
719,5,2017-11-02T13:54:45.506Z,1777.0,59.0,14.509803772,,,3.75999999046,,,,,,
720,5,2017-11-02T13:54:46.506Z,1753.0,59.0,14.509803772,,,3.75999999046,,,,,,
721,5,2017-11-02T13:54:46.606Z,1753.0,58.0,14.509803772,,,3.75999999046,,,,,,
722,5,2017-11-02T13:54:47.606Z,1753.0,56.0,14.509803772,,,3.75999999046,,,,,,
723,5,2017-11-02T13:54:48.606Z,1613.0,56.0,14.509803772,,,3.6099998951,,,,,,
724,5,2017-11-02T13:54:48.706Z,1613.0,50.0,14.509803772,,,3.6099998951,,,,,,
725,5,2017-11-02T13:54:50.706Z,757.0,47.0,14.509803772,,,2.57999992371,,,,,,
726,5,2017-11-02T13:54:51.806Z,757.0,44.0,14.509803772,,,2.57999992371,,,,,,
727,5,2017-11-02T13:54:52.806Z,757.0,41.0,21.9607849121,,,2.54999995232,,,,,,
728,5,2017-11-02T13:54:53.806Z,757.0,41.0,21.9607849121,,,2.54999995232,,,,,,
729,5,2017-11-02T13:54:53.906Z,757.0,42.0,21.9607849121,,,2.54999995232,,,,,,
730,5,2017-11-02T13:54:54.806Z,1691.0,42.0,21.9607849121,,,2.54999995232,,,,,,
731,5,2017-11-02T13:54:54.906Z,1691.0,44.0,21.9607849121,,,5.23999977112,,,,,,
732,5,2017-11-02T13:54:55.906Z,1691.0,45.0,21.9607849121,,,5.23999977112,,,,,,
733,5,2017-11-02T13:54:56.906Z,2010.0,45.0,21.9607849121,,,23.5400009155,,,,,,
734,5,2017-11-02T13:54:57.006Z,2010.0,50.0,21.9607849121,,,23.5400009155,,,,,,
735,5,2017-11-02T13:54:58.006Z,2010.0,50.0,78.8235321045,,,23.5400009155,,,,,,
736,5,2017-11-02T13:54:58.106Z,2010.0,54.0,78.8235321045,,,23.5400009155,,,,,,
737,5,2017-11-02T13:54:59.106Z,2336.0,54.0,78.8235321045,,,29.4200000763,,,,,,
738,5,2017-11-02T13:54:59.206Z,2336.0,58.0,78.8235321045,,,29.4200000763,,,,,,
739,5,2017-11-02T13:55:00.306Z,2336.0,62.0,78.8235321045,,,29.4200000763,,,,,,
740,5,2017-11-02T13:55:01.206Z,1959.0,62.0,78.8235321045,,,29.4200000763,,,,,,
741,5,2017-11-02T13:55:01.306Z,1959.0,63.0,78.8235321045,,,21.2199993134,,,,,,
742,5,2017-11-02T13:55:02.406Z,1959.0,66.0,78.8235321045,,,21.2199993134,,,,,,
743,5,2017-11-02T13:55:03.406Z,2062.0,66.0,81.1764755249,,,23.7999992371,,,,,,
744,5,2017-11-02T13:55:03.506Z,2062.0,68.0,81.1764755249,,,23.7999992371,,,,,,
